ticker,date,strategy_id,strategy_name,action_label,refined_score,fwd_1w_return
AAPL,2023-07-28,trend-hold,Trend hold / monitor,Hold,6,-0.07067352401819693
ABBV,2023-07-28,trend-hold,Trend hold / monitor,Hold,7,-0.020682865427499975
AMD,2023-07-28,no-action,No actionable setup,No action,2,0.025318702492311607
AMZN,2023-07-28,trend-hold,Trend hold / monitor,Hold,6,0.05566901321077977
AVGO,2023-07-28,trend-hold,Trend hold / monitor,Hold,7,-0.020160208897492704
CAT,2023-07-28,trend-hold,Trend hold / monitor,Hold,7,0.06147529169405774
COST,2023-07-28,trend-hold,Trend hold / monitor,Hold,7,-0.02002419433042213
CRM,2023-07-28,trend-hold,Trend hold / monitor,Hold,6,-0.048803233456354844
GE,2023-07-28,trend-hold,Trend hold / monitor,Hold,7,-0.01162691481983491
GOOGL,2023-07-28,trend-hold,Trend hold / monitor,Hold,6,-0.03371550127446221
GS,2023-07-28,wait-for-confirmation,Breakout confirmation,Wait for confirmation,8,-2.8337811945999825e-05
JPM,2023-07-28,strong-stock-constructive-pullback,Constructive pullback continuation,Buy on pullback,8,-0.005672037275360475
LLY,2023-07-28,no-action,No actionable setup,No action,4,-0.019608315600527226
MA,2023-07-28,no-action,No actionable setup,No action,4,-0.004097071932440133
META,2023-07-28,extended-strength-wait,"Extended strength, wait for pullback",Wait for pullback,7,-0.04531768312069884
MSFT,2023-07-28,no-action,No actionable setup,No action,4,-0.03129709043564277
NFLX,2023-07-28,no-action,No actionable setup,No action,2,0.013669048440958065
NOW,2023-07-28,no-action,No actionable setup,No action,4,-0.03144643767453359
NVDA,2023-07-28,trend-hold,Trend hold / monitor,Hold,8,-0.04427806833848591
PANW,2023-07-28,no-action,No actionable setup,No action,5,-0.12123649501368527
PLTR,2023-07-28,extended-strength-wait,"Extended strength, wait for pullback",Wait for pullback,7,0.02189788369970813
QQQ,2023-07-28,trend-hold,Trend hold / monitor,Hold,7,-0.02983206976546715
TSLA,2023-07-28,no-action,No actionable setup,No action,5,-0.0472151393025948
UBER,2023-07-28,extended-strength-wait,"Extended strength, wait for pullback",Wait for pullback,7,-0.06107184594898796
V,2023-07-28,no-action,No actionable setup,No action,4,0.013743395517132884
VOO,2023-07-28,trend-hold,Trend hold / monitor,Hold,7,-0.022602211028978858
WMT,2023-07-28,trend-hold,Trend hold / monitor,Hold,6,-0.009818044593956632
XLE,2023-07-28,trend-hold,Trend hold / monitor,Hold,7,0.012463595967876051
XLF,2023-07-28,trend-hold,Trend hold / monitor,Hold,6,-0.008238662194367752
XLK,2023-07-28,trend-hold,Trend hold / monitor,Hold,6,-0.03810272387474789
XLV,2023-07-28,trend-hold,Trend hold / monitor,Hold,5,-0.02063768395988541
XOM,2023-07-28,no-action,No actionable setup,No action,2,0.03129794923405749
AAPL,2023-09-01,trend-hold,Trend hold / monitor,Hold,7,-0.05330943600550597
ABBV,2023-09-01,no-action,No actionable setup,No action,5,0.0056679916004585
AMD,2023-09-01,no-action,No actionable setup,No action,2,-0.037734101129038966
AMZN,2023-09-01,no-action,No actionable setup,No action,5,0.036055684639308305
AVGO,2023-09-01,no-action,No actionable setup,No action,3,-0.01533486284980079
CAT,2023-09-01,trend-hold,Trend hold / monitor,Hold,7,-0.014672531727620064
COST,2023-09-01,no-action,No actionable setup,No action,3,0.02669734367822696
CRM,2023-09-01,trend-hold,Trend hold / monitor,Hold,6,0.01706314630129513
GE,2023-09-01,trend-hold,Trend hold / monitor,Hold,7,0.00017505906988413145
GOOGL,2023-09-01,trend-hold,Trend hold / monitor,Hold,8,0.009287884953727676
GS,2023-09-01,no-action,No actionable setup,No action,2,-0.008399511457747533
JPM,2023-09-01,no-action,No actionable setup,No action,2,-0.0160741077007307
LLY,2023-09-01,trend-hold,Trend hold / monitor,Hold,8,0.06901691446576308
MA,2023-09-01,strong-stock-constructive-pullback,Constructive pullback continuation,Buy on pullback,8,0.002695081688880885
META,2023-09-01,no-action,No actionable setup,No action,2,0.03772181824547105
MSFT,2023-09-01,trend-hold,Trend hold / monitor,Hold,4,0.028235862824481428
NFLX,2023-09-01,trend-hold,Trend hold / monitor,Hold,6,0.012457951000720557
NOW,2023-09-01,trend-hold,Trend hold / monitor,Hold,7,0.025487416851280198
NVDA,2023-09-01,extended-strength-wait,"Extended strength, wait for pullback",Wait for pullback,7,-0.06866761929903908
PANW,2023-09-01,trend-hold,Trend hold / monitor,Hold,6,0.04293011748739439
PLTR,2023-09-01,no-action,No actionable setup,No action,0,0.0401844298032894
QQQ,2023-09-01,trend-hold,Trend hold / monitor,Hold,6,-0.0016419797219222598
TSLA,2023-09-01,no-action,No actionable setup,No action,2,0.11660745563843755
UBER,2023-09-01,trend-hold,Trend hold / monitor,Hold,7,0.04039110701961057
V,2023-09-01,wait-for-confirmation,Breakout confirmation,Wait for confirmation,7,-0.0035871161479144043
VOO,2023-09-01,trend-hold,Trend hold / monitor,Hold,6,-0.006341792908303723
WMT,2023-09-01,trend-hold,Trend hold / monitor,Hold,7,0.0171442510880635
XLE,2023-09-01,trend-hold,Trend hold / monitor,Hold,8,0.0011020330226503283
XLF,2023-09-01,trend-hold,Trend hold / monitor,Hold,4,-0.006630139848412764
XLK,2023-09-01,trend-hold,Trend hold / monitor,Hold,6,-0.01424514500742724
XLV,2023-09-01,no-action,No actionable setup,No action,5,-0.00449207210162994
XOM,2023-09-01,wait-for-confirmation,Breakout confirmation,Wait for confirmation,8,0.0056378350772445796
AAPL,2023-12-01,trend-hold,Trend hold / monitor,Hold,7,0.023373776889286324
ABBV,2023-12-01,no-action,No actionable setup,No action,4,0.04093155963525308
AMD,2023-12-01,trend-hold,Trend hold / monitor,Hold,7,0.06203145907535945
AMZN,2023-12-01,trend-hold,Trend hold / monitor,Hold,6,0.002652515764717256
AVGO,2023-12-01,no-action,No actionable setup,No action,5,0.015376347367481502
CAT,2023-12-01,trend-hold,Trend hold / monitor,Hold,5,0.010671405710243276
COST,2023-12-01,trend-hold,Trend hold / monitor,Hold,7,0.024369021881551323
CRM,2023-12-01,trend-hold,Trend hold / monitor,Hold,7,-0.0353461632361779
GE,2023-12-01,trend-hold,Trend hold / monitor,Hold,8,-0.01559187539048168
GOOGL,2023-12-01,no-action,No actionable setup,No action,3,0.023737334053726578
GS,2023-12-01,strong-stock-constructive-pullback,Constructive pullback continuation,Buy on pullback,8,0.006888023267037191
JPM,2023-12-01,strong-stock-constructive-pullback,Constructive pullback continuation,Buy on pullback,8,0.01071160401554061
LLY,2023-12-01,no-action,No actionable setup,No action,4,0.023988100631304965
MA,2023-12-01,trend-hold,Trend hold / monitor,Hold,7,-0.005309348796280533
META,2023-12-01,no-action,No actionable setup,No action,4,0.024413498235858144
MSFT,2023-12-01,trend-hold,Trend hold / monitor,Hold,6,-0.0007476403086584815
NFLX,2023-12-01,trend-hold,Trend hold / monitor,Hold,7,-0.025722545364746496
NOW,2023-12-01,extended-strength-wait,"Extended strength, wait for pullback",Wait for pullback,7,0.012000676361998641
NVDA,2023-12-01,no-action,No actionable setup,No action,5,0.015845207715632137
PANW,2023-12-01,trend-hold,Trend hold / monitor,Hold,7,0.007631043144514127
PLTR,2023-12-01,trend-hold,Trend hold / monitor,Hold,8,-0.12333497501439217
QQQ,2023-12-01,trend-hold,Trend hold / monitor,Hold,7,0.005718856676324657
TSLA,2023-12-01,trend-hold,Trend hold / monitor,Hold,5,0.02097724100165599
UBER,2023-12-01,extended-strength-wait,"Extended strength, wait for pullback",Wait for pullback,7,0.07585008551972816
V,2023-12-01,trend-hold,Trend hold / monitor,Hold,6,-0.0027685969197536187
VOO,2023-12-01,trend-hold,Trend hold / monitor,Hold,7,0.0025127485729381505
WMT,2023-12-01,no-action,No actionable setup,No action,1,-0.022547619144718367
XLE,2023-12-01,no-action,No actionable setup,No action,3,-0.032815730372771634
XLF,2023-12-01,trend-hold,Trend hold / monitor,Hold,7,-0.0011058087601568678
XLK,2023-12-01,trend-hold,Trend hold / monitor,Hold,7,0.005819602437755478
XLV,2023-12-01,no-action,No actionable setup,No action,6,0.001820568078817475
XOM,2023-12-01,no-action,No actionable setup,No action,0,-0.03340125141629757
AAPL,2023-12-15,trend-hold,Trend hold / monitor,Hold,6,-0.020094149281415286
ABBV,2023-12-15,trend-hold,Trend hold / monitor,Hold,7,0.0058426979648178445
AMD,2023-12-15,extended-strength-wait,"Extended strength, wait for pullback",Wait for pullback,7,0.0032340080975210572
AMZN,2023-12-15,trend-hold,Trend hold / monitor,Hold,7,0.023004580383813034
AVGO,2023-12-15,trend-hold,Trend hold / monitor,Hold,7,-0.006868845781067834
CAT,2023-12-15,trend-hold,Trend hold / monitor,Hold,7,0.016168528295244844
COST,2023-12-15,extended-strength-wait,"Extended strength, wait for pullback",Wait for pullback,7,0.019398269815187108
CRM,2023-12-15,extended-strength-wait,"Extended strength, wait for pullback",Wait for pullback,7,0.018119228301926693
GE,2023-12-15,trend-hold,Trend hold / monitor,Hold,6,0.028077607173688124
GOOGL,2023-12-15,no-action,No actionable setup,No action,2,0.06704373288420795
GS,2023-12-15,extended-strength-wait,"Extended strength, wait for pullback",Wait for pullback,7,0.0003678855411599624
JPM,2023-12-15,strong-stock-constructive-pullback,Constructive pullback continuation,Buy on pullback,8,0.01313319751289943
LLY,2023-12-15,no-action,No actionable setup,No action,2,-0.002884349769741723
MA,2023-12-15,trend-hold,Trend hold / monitor,Hold,7,0.013211646038970626
META,2023-12-15,no-action,No actionable setup,No action,6,0.05514749934371532
MSFT,2023-12-15,no-action,No actionable setup,No action,3,0.010384850084552477
NFLX,2023-12-15,no-action,No actionable setup,No action,6,0.03114005351210558
NOW,2023-12-15,trend-hold,Trend hold / monitor,Hold,6,-0.000988202432022578
NVDA,2023-12-15,no-action,No actionable setup,No action,5,-0.0012271949139449623
PANW,2023-12-15,extended-strength-wait,"Extended strength, wait for pullback",Wait for pullback,7,-0.02958020403181616
PLTR,2023-12-15,no-action,No actionable setup,No action,3,-0.04340664189069798
QQQ,2023-12-15,trend-hold,Trend hold / monitor,Hold,7,0.007499897795399724
TSLA,2023-12-15,trend-hold,Trend hold / monitor,Hold,7,-0.0037870087332039226
UBER,2023-12-15,trend-hold,Trend hold / monitor,Hold,8,-0.0024248549046054224
V,2023-12-15,trend-hold,Trend hold / monitor,Hold,6,0.0015501836932787505
VOO,2023-12-15,trend-hold,Trend hold / monitor,Hold,7,0.005079803795132731
WMT,2023-12-15,no-action,No actionable setup,No action,1,0.025599055941108784
XLE,2023-12-15,no-action,No actionable setup,No action,4,0.008066432746844487
XLF,2023-12-15,trend-hold,Trend hold / monitor,Hold,7,-0.0002676926892013487
XLK,2023-12-15,trend-hold,Trend hold / monitor,Hold,7,0.0018258012993610517
XLV,2023-12-15,trend-hold,Trend hold / monitor,Hold,7,0.006410260784708521
XOM,2023-12-15,no-action,No actionable setup,No action,1,0.010009931823156792
AAPL,2023-12-22,no-action,No actionable setup,No action,4,-0.04111573586217265
ABBV,2023-12-22,trend-hold,Trend hold / monitor,Hold,8,0.03149609401005393
AMD,2023-12-22,extended-strength-wait,"Extended strength, wait for pullback",Wait for pullback,7,-0.007306620543444553
AMZN,2023-12-22,trend-hold,Trend hold / monitor,Hold,7,-0.022748048069462845
AVGO,2023-12-22,extended-strength-wait,"Extended strength, wait for pullback",Wait for pullback,6,-0.0326208675415558
CAT,2023-12-22,trend-hold,Trend hold / monitor,Hold,7,0.008093422723762345
COST,2023-12-22,extended-strength-wait,"Extended strength, wait for pullback",Wait for pullback,7,-0.03119409162217024
CRM,2023-12-22,trend-hold,Trend hold / monitor,Hold,8,-0.03833442815747912
GE,2023-12-22,trend-hold,Trend hold / monitor,Hold,7,-0.005841041190172369
GOOGL,2023-12-22,trend-hold,Trend hold / monitor,Hold,6,-0.02346460665293526
GS,2023-12-22,extended-strength-wait,"Extended strength, wait for pullback",Wait for pullback,7,0.020097186442001425
JPM,2023-12-22,strong-stock-constructive-pullback,Constructive pullback continuation,Buy on pullback,8,0.027957037665510942
LLY,2023-12-22,no-action,No actionable setup,No action,1,0.038236990477535704
MA,2023-12-22,trend-hold,Trend hold / monitor,Hold,6,-0.00521101490986231
META,2023-12-22,trend-hold,Trend hold / monitor,Hold,7,-0.020091133900823177
MSFT,2023-12-22,no-action,No actionable setup,No action,5,-0.009904403833818742
NFLX,2023-12-22,no-action,No actionable setup,No action,6,-0.03751335900341379
NOW,2023-12-22,trend-hold,Trend hold / monitor,Hold,5,-0.014378874511411954
NVDA,2023-12-22,trend-hold,Trend hold / monitor,Hold,5,-0.013557291391612103
PANW,2023-12-22,trend-hold,Trend hold / monitor,Hold,7,-0.03115247072042915
PLTR,2023-12-22,no-action,No actionable setup,No action,1,-0.04767374675361813
QQQ,2023-12-22,trend-hold,Trend hold / monitor,Hold,7,-0.014177992251563243
TSLA,2023-12-22,trend-hold,Trend hold / monitor,Hold,6,-0.016314228346872017
UBER,2023-12-22,trend-hold,Trend hold / monitor,Hold,7,-0.053962049356038766
V,2023-12-22,no-action,No actionable setup,No action,6,0.0017025982040648202
VOO,2023-12-22,trend-hold,Trend hold / monitor,Hold,7,-0.002940565494658709
WMT,2023-12-22,no-action,No actionable setup,No action,4,0.016852876978169506
XLE,2023-12-22,no-action,No actionable setup,No action,4,-0.002824258457086559
XLF,2023-12-22,trend-hold,Trend hold / monitor,Hold,6,0.01124794234678661
XLK,2023-12-22,trend-hold,Trend hold / monitor,Hold,7,-0.02400416837852981
XLV,2023-12-22,trend-hold,Trend hold / monitor,Hold,6,0.027847684697509978
XOM,2023-12-22,no-action,No actionable setup,No action,2,0.004415630772953261
AAPL,2023-12-29,no-action,No actionable setup,No action,4,-0.036202156884097114
ABBV,2023-12-29,trend-hold,Trend hold / monitor,Hold,8,0.0416854320461546
AMD,2023-12-29,extended-strength-wait,"Extended strength, wait for pullback",Wait for pullback,7,-0.008344148672213114
AMZN,2023-12-29,trend-hold,Trend hold / monitor,Hold,5,-0.01869156438236752
AVGO,2023-12-29,trend-hold,Trend hold / monitor,Hold,7,-0.037088460377589616
CAT,2023-12-29,trend-hold,Trend hold / monitor,Hold,7,-0.01156699452908938
COST,2023-12-29,trend-hold,Trend hold / monitor,Hold,7,0.0024390760360548658
CRM,2023-12-29,trend-hold,Trend hold / monitor,Hold,6,-0.008626660351458981
GE,2023-12-29,trend-hold,Trend hold / monitor,Hold,7,0.005092827594895377
GOOGL,2023-12-29,trend-hold,Trend hold / monitor,Hold,6,-0.0060849458705690695
GS,2023-12-29,strong-stock-constructive-pullback,Constructive pullback continuation,Buy on pullback,8,0.00800994485286699
JPM,2023-12-29,strong-stock-constructive-pullback,Constructive pullback continuation,Buy on pullback,8,0.011287466784550837
LLY,2023-12-29,no-action,No actionable setup,No action,3,0.0739553414715639
MA,2023-12-29,trend-hold,Trend hold / monitor,Hold,6,-0.010621084325280417
META,2023-12-29,trend-hold,Trend hold / monitor,Hold,7,0.013278371342789752
MSFT,2023-12-29,no-action,No actionable setup,No action,5,-0.0035900597618307994
NFLX,2023-12-29,trend-hold,Trend hold / monitor,Hold,5,-0.003799732466616912
NOW,2023-12-29,trend-hold,Trend hold / monitor,Hold,6,-0.01448007182639166
NVDA,2023-12-29,trend-hold,Trend hold / monitor,Hold,7,0.0551471876794567
PANW,2023-12-29,no-action,No actionable setup,No action,3,-0.018244725968959985
PLTR,2023-12-29,no-action,No actionable setup,No action,0,-0.029120558985339384
QQQ,2023-12-29,trend-hold,Trend hold / monitor,Hold,7,-0.011159349797911777
TSLA,2023-12-29,trend-hold,Trend hold / monitor,Hold,4,-0.032316479867062764
UBER,2023-12-29,trend-hold,Trend hold / monitor,Hold,8,-0.04157871343153863
V,2023-12-29,no-action,No actionable setup,No action,6,0.008411762589072058
VOO,2023-12-29,trend-hold,Trend hold / monitor,Hold,7,-0.0015338437016481077
WMT,2023-12-29,no-action,No actionable setup,No action,4,0.0038059137172814506
XLE,2023-12-29,no-action,No actionable setup,No action,1,-0.0016698401212258407
XLF,2023-12-29,trend-hold,Trend hold / monitor,Hold,7,0.010372426068424812
XLK,2023-12-29,trend-hold,Trend hold / monitor,Hold,6,-0.01943053988669563
XLV,2023-12-29,trend-hold,Trend hold / monitor,Hold,6,0.029109848061044108
XOM,2023-12-29,no-action,No actionable setup,No action,0,0.009401828170138238
AAPL,2024-02-23,no-action,No actionable setup,No action,1,-0.015669518646746594
ABBV,2024-02-23,trend-hold,Trend hold / monitor,Hold,8,0.00460445471997728
AMD,2024-02-23,no-action,No actionable setup,No action,4,0.14797186995798484
AMZN,2024-02-23,trend-hold,Trend hold / monitor,Hold,8,0.018458172616408364
AVGO,2024-02-23,trend-hold,Trend hold / monitor,Hold,7,0.07929846078515612
CAT,2024-02-23,trend-hold,Trend hold / monitor,Hold,8,0.03958258345975185
COST,2024-02-23,trend-hold,Trend hold / monitor,Hold,8,0.015597698805938087
CRM,2024-02-23,trend-hold,Trend hold / monitor,Hold,7,0.08224049895408503
GE,2024-02-23,extended-strength-wait,"Extended strength, wait for pullback",Wait for pullback,7,0.03469641888207109
GOOGL,2024-02-23,no-action,No actionable setup,No action,4,-0.04737431929809577
GS,2024-02-23,trend-hold,Trend hold / monitor,Hold,6,-0.007543745765349219
JPM,2024-02-23,wait-for-confirmation,Breakout confirmation,Wait for confirmation,7,0.007065534834265863
LLY,2024-02-23,extended-strength-wait,"Extended strength, wait for pullback",Wait for pullback,7,0.016347451008447367
MA,2024-02-23,strong-stock-constructive-pullback,Constructive pullback continuation,Buy on pullback,8,0.006780430408585003
META,2024-02-23,extended-strength-wait,"Extended strength, wait for pullback",Wait for pullback,6,0.037745571678920564
MSFT,2024-02-23,no-action,No actionable setup,No action,6,0.012574946893211036
NFLX,2024-02-23,trend-hold,Trend hold / monitor,Hold,5,0.061313304145891534
NOW,2024-02-23,no-action,No actionable setup,No action,4,0.0034501840526981464
NVDA,2024-02-23,trend-hold,Trend hold / monitor,Hold,7,0.04392450774400425
PANW,2024-02-23,no-action,No actionable setup,No action,0,0.07199829069537866
PLTR,2024-02-23,extended-strength-wait,"Extended strength, wait for pullback",Wait for pullback,5,0.0853287353248533
QQQ,2024-02-23,trend-hold,Trend hold / monitor,Hold,6,0.020216096425988983
TSLA,2024-02-23,trend-hold,Trend hold / monitor,Hold,3,0.05558159140020158
UBER,2024-02-23,extended-strength-wait,"Extended strength, wait for pullback",Wait for pullback,6,0.03618928313933001
V,2024-02-23,trend-hold,Trend hold / monitor,Hold,6,-0.0015514895343325952
VOO,2024-02-23,trend-hold,Trend hold / monitor,Hold,7,0.009961853354138794
WMT,2024-02-23,trend-hold,Trend hold / monitor,Hold,8,0.004101125459538446
XLE,2024-02-23,trend-hold,Trend hold / monitor,Hold,6,0.013727318726658
XLF,2024-02-23,trend-hold,Trend hold / monitor,Hold,7,-0.00024809731321306927
XLK,2024-02-23,no-action,No actionable setup,No action,6,0.026645240389671754
XLV,2024-02-23,trend-hold,Trend hold / monitor,Hold,7,-0.010280023442354347
XOM,2024-02-23,no-action,No actionable setup,No action,5,0.01926040129558637
AAPL,2024-03-08,no-action,No actionable setup,No action,0,0.011070107403180707
ABBV,2024-03-08,trend-hold,Trend hold / monitor,Hold,5,-0.005423545918928907
AMD,2024-03-08,trend-hold,Trend hold / monitor,Hold,7,-0.0787405462130002
AMZN,2024-03-08,trend-hold,Trend hold / monitor,Hold,6,-0.005303723422862561
AVGO,2024-03-08,trend-hold,Trend hold / monitor,Hold,5,-0.055947729853942585
CAT,2024-03-08,trend-hold,Trend hold / monitor,Hold,7,0.022936993199381916
COST,2024-03-08,no-action,No actionable setup,No action,4,9.648729871325479e-05
CRM,2024-03-08,trend-hold,Trend hold / monitor,Hold,6,-0.035868750821594464
GE,2024-03-08,extended-strength-wait,"Extended strength, wait for pullback",Wait for pullback,7,0.005537027462481525
GOOGL,2024-03-08,no-action,No actionable setup,No action,0,0.042611246271507586
GS,2024-03-08,no-action,No actionable setup,No action,4,0.0005684933105631895
JPM,2024-03-08,strong-stock-constructive-pullback,Constructive pullback continuation,Buy on pullback,8,0.011050907542050847
LLY,2024-03-08,no-action,No actionable setup,No action,5,-0.010457437721542173
MA,2024-03-08,trend-hold,Trend hold / monitor,Hold,5,0.014000717448567679
META,2024-03-08,trend-hold,Trend hold / monitor,Hold,8,-0.04318609660310635
MSFT,2024-03-08,no-action,No actionable setup,No action,3,0.02510957652597101
NFLX,2024-03-08,trend-hold,Trend hold / monitor,Hold,7,0.0017526340125157969
NOW,2024-03-08,no-action,No actionable setup,No action,3,-0.018173885313183535
NVDA,2024-03-08,extended-strength-wait,"Extended strength, wait for pullback",Wait for pullback,7,0.0035302772637453295
PANW,2024-03-08,no-action,No actionable setup,No action,-1,0.006994972768344931
PLTR,2024-03-08,trend-hold,Trend hold / monitor,Hold,7,-0.09792630778628908
QQQ,2024-03-08,trend-hold,Trend hold / monitor,Hold,5,-0.011616727514834557
TSLA,2024-03-08,no-action,No actionable setup,No action,0,-0.06712666396428113
UBER,2024-03-08,trend-hold,Trend hold / monitor,Hold,7,-0.03341800959849606
V,2024-03-08,no-action,No actionable setup,No action,4,0.010712754993787765
VOO,2024-03-08,trend-hold,Trend hold / monitor,Hold,6,-0.00080785065791944
WMT,2024-03-08,trend-hold,Trend hold / monitor,Hold,8,0.009314726933469908
XLE,2024-03-08,trend-hold,Trend hold / monitor,Hold,7,0.03844844573040307
XLF,2024-03-08,trend-hold,Trend hold / monitor,Hold,7,0.004185179421783092
XLK,2024-03-08,trend-hold,Trend hold / monitor,Hold,5,-0.008295158765726951
XLV,2024-03-08,trend-hold,Trend hold / monitor,Hold,6,-0.007307191961682391
XOM,2024-03-08,trend-hold,Trend hold / monitor,Hold,7,0.026665431471555978
AAPL,2024-03-15,no-action,No actionable setup,No action,1,-0.001969623146263033
ABBV,2024-03-15,no-action,No actionable setup,No action,4,0.003204362771437985
AMD,2024-03-15,trend-hold,Trend hold / monitor,Hold,7,-0.05971947978597758
AMZN,2024-03-15,trend-hold,Trend hold / monitor,Hold,6,0.025513111999530436
AVGO,2024-03-15,no-action,No actionable setup,No action,2,0.09548358380347821
CAT,2024-03-15,trend-hold,Trend hold / monitor,Hold,8,0.032106476328405575
COST,2024-03-15,no-action,No actionable setup,No action,5,0.012637270852157156
CRM,2024-03-15,no-action,No actionable setup,No action,4,0.04566304166940993
GE,2024-03-15,extended-strength-wait,"Extended strength, wait for pullback",Wait for pullback,7,0.03706548933038989
GOOGL,2024-03-15,no-action,No actionable setup,No action,3,0.06792755414503437
GS,2024-03-15,no-action,No actionable setup,No action,5,0.050644395294266564
JPM,2024-03-15,strong-stock-constructive-pullback,Constructive pullback continuation,Buy on pullback,8,0.033210677688275014
LLY,2024-03-15,no-action,No actionable setup,No action,3,0.021798802410523344
MA,2024-03-15,trend-hold,Trend hold / monitor,Hold,6,0.012273347666754919
META,2024-03-15,no-action,No actionable setup,No action,4,0.05263371234765413
MSFT,2024-03-15,trend-hold,Trend hold / monitor,Hold,7,0.029585457973620333
NFLX,2024-03-15,trend-hold,Trend hold / monitor,Hold,7,0.03652534150033304
NOW,2024-03-15,no-action,No actionable setup,No action,2,0.04065010716801676
NVDA,2024-03-15,extended-strength-wait,"Extended strength, wait for pullback",Wait for pullback,7,0.07345428039382718
PANW,2024-03-15,no-action,No actionable setup,No action,1,0.016373671169638948
PLTR,2024-03-15,no-action,No actionable setup,No action,2,0.029374224809742167
QQQ,2024-03-15,no-action,No actionable setup,No action,3,0.028714949920495503
TSLA,2024-03-15,no-action,No actionable setup,No action,0,0.044384631544618136
UBER,2024-03-15,no-action,No actionable setup,No action,3,0.054686521346107186
V,2024-03-15,trend-hold,Trend hold / monitor,Hold,6,0.0007772795861409332
VOO,2024-03-15,trend-hold,Trend hold / monitor,Hold,6,0.01951018642077229
WMT,2024-03-15,trend-hold,Trend hold / monitor,Hold,8,0.0031311573130097248
XLE,2024-03-15,trend-hold,Trend hold / monitor,Hold,8,0.009174355501130327
XLF,2024-03-15,trend-hold,Trend hold / monitor,Hold,7,0.015444894319140534
XLK,2024-03-15,no-action,No actionable setup,No action,4,0.020814077117471408
XLV,2024-03-15,no-action,No actionable setup,No action,4,0.0005503703269040816
XOM,2024-03-15,strong-stock-constructive-pullback,Constructive pullback continuation,Buy on pullback,8,0.019951480971321267
AAPL,2024-03-22,no-action,No actionable setup,No action,0,-0.013060134757038266
ABBV,2024-03-22,no-action,No actionable setup,No action,5,0.012944789005873147
AMD,2024-03-22,no-action,No actionable setup,No action,3,0.02053995305745726
AMZN,2024-03-22,trend-hold,Trend hold / monitor,Hold,6,0.01174040454431613
AVGO,2024-03-22,trend-hold,Trend hold / monitor,Hold,7,-0.0023716753619829056
CAT,2024-03-22,trend-hold,Trend hold / monitor,Hold,8,0.015721440655404928
COST,2024-03-22,no-action,No actionable setup,No action,4,-0.018453998072757605
CRM,2024-03-22,trend-hold,Trend hold / monitor,Hold,7,-0.01790291270992672
GE,2024-03-22,extended-strength-wait,"Extended strength, wait for pullback",Wait for pullback,7,0.001199006475115283
GOOGL,2024-03-22,trend-hold,Trend hold / monitor,Hold,5,0.03130596993400281
GS,2024-03-22,trend-hold,Trend hold / monitor,Hold,7,0.01644462494705845
JPM,2024-03-22,strong-stock-constructive-pullback,Constructive pullback continuation,Buy on pullback,8,0.011799447573152433
LLY,2024-03-22,no-action,No actionable setup,No action,6,-0.013054590194551241
MA,2024-03-22,trend-hold,Trend hold / monitor,Hold,6,-0.006788920713538649
META,2024-03-22,trend-hold,Trend hold / monitor,Hold,7,-0.03577452205565523
MSFT,2024-03-22,trend-hold,Trend hold / monitor,Hold,7,-0.00972613473232753
NFLX,2024-03-22,trend-hold,Trend hold / monitor,Hold,8,-0.02181492270045904
NOW,2024-03-22,no-action,No actionable setup,No action,5,-0.007466291065709618
NVDA,2024-03-22,extended-strength-wait,"Extended strength, wait for pullback",Wait for pullback,7,-0.0416379688134173
PANW,2024-03-22,no-action,No actionable setup,No action,2,-0.025664221294688927
PLTR,2024-03-22,no-action,No actionable setup,No action,6,-0.0545905574096156
QQQ,2024-03-22,trend-hold,Trend hold / monitor,Hold,6,-0.0032035321030040587
TSLA,2024-03-22,no-action,No actionable setup,No action,1,0.02569805855291163
UBER,2024-03-22,trend-hold,Trend hold / monitor,Hold,6,-0.047737774782527054
V,2024-03-22,no-action,No actionable setup,No action,4,-0.01758105914932606
VOO,2024-03-22,trend-hold,Trend hold / monitor,Hold,7,0.0018573702200450626
WMT,2024-03-22,trend-hold,Trend hold / monitor,Hold,7,-0.014292737755069118
XLE,2024-03-22,trend-hold,Trend hold / monitor,Hold,8,0.029328993936365455
XLF,2024-03-22,trend-hold,Trend hold / monitor,Hold,7,0.011347205250615167
XLK,2024-03-22,trend-hold,Trend hold / monitor,Hold,6,-0.005049771521608903
XLV,2024-03-22,no-action,No actionable setup,No action,4,0.007081949683766187
XOM,2024-03-22,strong-stock-constructive-pullback,Constructive pullback continuation,Buy on pullback,8,0.030839722141869474
AAPL,2024-08-30,trend-hold,Trend hold / monitor,Hold,6,-0.03532749492528675
ABBV,2024-08-30,no-action,No actionable setup,No action,5,0.0005603413566277471
AMD,2024-08-30,trend-hold,Trend hold / monitor,Hold,4,-0.07007272370210937
AMZN,2024-08-30,trend-hold,Trend hold / monitor,Hold,4,-0.01736698097207634
AVGO,2024-08-30,trend-hold,Trend hold / monitor,Hold,5,-0.13511852972830318
CAT,2024-08-30,trend-hold,Trend hold / monitor,Hold,8,-0.06194888284326816
COST,2024-08-30,trend-hold,Trend hold / monitor,Hold,7,0.004605644825157462
CRM,2024-08-30,no-action,No actionable setup,No action,2,-0.028232501233554808
GE,2024-08-30,trend-hold,Trend hold / monitor,Hold,8,-0.05308664112291828
GOOGL,2024-08-30,no-action,No actionable setup,No action,1,-0.08979065816204168
GS,2024-08-30,trend-hold,Trend hold / monitor,Hold,7,-0.04248896163798399
JPM,2024-08-30,strong-stock-constructive-pullback,Constructive pullback continuation,Buy on pullback,8,-0.03554272857960972
LLY,2024-08-30,trend-hold,Trend hold / monitor,Hold,8,-0.05390512587984153
MA,2024-08-30,trend-hold,Trend hold / monitor,Hold,6,0.007758513734457129
META,2024-08-30,trend-hold,Trend hold / monitor,Hold,6,-0.03168937693702123
MSFT,2024-08-30,no-action,No actionable setup,No action,3,-0.027376931070396293
NFLX,2024-08-30,trend-hold,Trend hold / monitor,Hold,8,-0.036971586801969214
NOW,2024-08-30,trend-hold,Trend hold / monitor,Hold,7,0.0006783468681468285
NVDA,2024-08-30,trend-hold,Trend hold / monitor,Hold,4,-0.10806736390268101
PANW,2024-08-30,extended-strength-wait,"Extended strength, wait for pullback",Wait for pullback,7,-0.05147224681545559
PLTR,2024-08-30,trend-hold,Trend hold / monitor,Hold,7,0.09911051388989711
QQQ,2024-08-30,trend-hold,Trend hold / monitor,Hold,5,-0.045793348440368864
TSLA,2024-08-30,no-action,No actionable setup,No action,2,0.010088289458465294
UBER,2024-08-30,trend-hold,Trend hold / monitor,Hold,6,-0.04553527043246974
V,2024-08-30,no-action,No actionable setup,No action,5,0.03343340593271349
VOO,2024-08-30,trend-hold,Trend hold / monitor,Hold,5,-0.030518816523038894
WMT,2024-08-30,extended-strength-wait,"Extended strength, wait for pullback",Wait for pullback,7,0.0014242260284345054
XLE,2024-08-30,no-action,No actionable setup,No action,5,-0.050942173401228974
XLF,2024-08-30,trend-hold,Trend hold / monitor,Hold,7,-0.017271554143804435
XLK,2024-08-30,trend-hold,Trend hold / monitor,Hold,4,-0.05932014349203629
XLV,2024-08-30,trend-hold,Trend hold / monitor,Hold,6,-0.013804059866869944
XOM,2024-08-30,no-action,No actionable setup,No action,6,-0.02484314265324361
AAPL,2024-11-15,no-action,No actionable setup,No action,2,0.021644422743055447
ABBV,2024-11-15,no-action,No actionable setup,No action,0,0.07248918756823519
AMD,2024-11-15,no-action,No actionable setup,No action,0,0.02557459127595374
AMZN,2024-11-15,trend-hold,Trend hold / monitor,Hold,7,-0.02709641911369487
AVGO,2024-11-15,no-action,No actionable setup,No action,1,-0.0037005619018649627
CAT,2024-11-15,no-action,No actionable setup,No action,3,0.034941501950782605
COST,2024-11-15,trend-hold,Trend hold / monitor,Hold,6,0.06277354777651012
CRM,2024-11-15,extended-strength-wait,"Extended strength, wait for pullback",Wait for pullback,7,0.05152794301434027
GE,2024-11-15,no-action,No actionable setup,No action,1,0.023851248490334598
GOOGL,2024-11-15,trend-hold,Trend hold / monitor,Hold,7,-0.04481425439246378
GS,2024-11-15,extended-strength-wait,"Extended strength, wait for pullback",Wait for pullback,7,0.015567698237010097
JPM,2024-11-15,extended-strength-wait,"Extended strength, wait for pullback",Wait for pullback,7,0.013207800437852857
LLY,2024-11-15,no-action,No actionable setup,No action,0,0.002425619845864535
MA,2024-11-15,trend-hold,Trend hold / monitor,Hold,6,-0.0019736520492136256
META,2024-11-15,no-action,No actionable setup,No action,2,0.009132250582090995
MSFT,2024-11-15,no-action,No actionable setup,No action,0,0.004819277108433662
NFLX,2024-11-15,trend-hold,Trend hold / monitor,Hold,8,0.08960380688214031
NOW,2024-11-15,trend-hold,Trend hold / monitor,Hold,8,0.04865578681417282
NVDA,2024-11-15,no-action,No actionable setup,No action,5,-0.0002112887744724068
PANW,2024-11-15,trend-hold,Trend hold / monitor,Hold,7,-0.009405722605781652
PLTR,2024-11-15,trend-hold,Trend hold / monitor,Hold,7,-0.021590364017374686
QQQ,2024-11-15,no-action,No actionable setup,No action,5,0.018567374357515876
TSLA,2024-11-15,trend-hold,Trend hold / monitor,Hold,6,0.09927661579166669
UBER,2024-11-15,no-action,No actionable setup,No action,1,-0.023754237048048243
V,2024-11-15,strong-stock-constructive-pullback,Constructive pullback continuation,Buy on pullback,8,0.0009042719482323935
VOO,2024-11-15,trend-hold,Trend hold / monitor,Hold,6,0.01665732721100288
WMT,2024-11-15,trend-hold,Trend hold / monitor,Hold,7,0.07347183906713628
XLE,2024-11-15,trend-hold,Trend hold / monitor,Hold,8,0.02681297578510966
XLF,2024-11-15,trend-hold,Trend hold / monitor,Hold,8,0.017244849183297495
XLK,2024-11-15,no-action,No actionable setup,No action,3,0.021380784601026104
XLV,2024-11-15,no-action,No actionable setup,No action,1,0.016356510040313577
XOM,2024-11-15,no-action,No actionable setup,No action,3,0.02078621580488793
AAPL,2024-11-22,no-action,No actionable setup,No action,4,0.04228477586101609
ABBV,2024-11-22,no-action,No actionable setup,No action,1,0.027239375006198108
AMD,2024-11-22,no-action,No actionable setup,No action,1,0.02681598331338164
AMZN,2024-11-22,no-action,No actionable setup,No action,5,0.068942836512351
AVGO,2024-11-22,no-action,No actionable setup,No action,0,0.013882961935159699
CAT,2024-11-22,trend-hold,Trend hold / monitor,Hold,7,0.012629297981290089
COST,2024-11-22,trend-hold,Trend hold / monitor,Hold,8,0.011400286431721751
CRM,2024-11-22,extended-strength-wait,"Extended strength, wait for pullback",Wait for pullback,7,-0.032191040295035944
GE,2024-11-22,trend-hold,Trend hold / monitor,Hold,4,-0.003919356770632154
GOOGL,2024-11-22,no-action,No actionable setup,No action,1,0.04084736107495379
GS,2024-11-22,extended-strength-wait,"Extended strength, wait for pullback",Wait for pullback,7,-0.0017751207276506253
JPM,2024-11-22,wait-for-confirmation,Breakout confirmation,Wait for confirmation,8,-0.009253683458128381
LLY,2024-11-22,no-action,No actionable setup,No action,1,0.06923701200679266
MA,2024-11-22,trend-hold,Trend hold / monitor,Hold,5,0.020158968427787416
META,2024-11-22,no-action,No actionable setup,No action,3,0.060253248844279295
MSFT,2024-11-22,no-action,No actionable setup,No action,1,0.033525206202225766
NFLX,2024-11-22,extended-strength-wait,"Extended strength, wait for pullback",Wait for pullback,7,-5.566171883553128e-05
NOW,2024-11-22,extended-strength-wait,"Extended strength, wait for pullback",Wait for pullback,7,-0.011474592374806303
NVDA,2024-11-22,no-action,No actionable setup,No action,4,-0.023388461689366702
PANW,2024-11-22,trend-hold,Trend hold / monitor,Hold,6,0.01776405555192917
PLTR,2024-11-22,trend-hold,Trend hold / monitor,Hold,5,0.031701646680656115
QQQ,2024-11-22,trend-hold,Trend hold / monitor,Hold,6,0.01878243801167967
TSLA,2024-11-22,trend-hold,Trend hold / monitor,Hold,6,0.012848873413507489
UBER,2024-11-22,no-action,No actionable setup,No action,0,0.02181509595849085
V,2024-11-22,strong-stock-constructive-pullback,Constructive pullback continuation,Buy on pullback,8,0.021715217401793385
VOO,2024-11-22,trend-hold,Trend hold / monitor,Hold,7,0.013772516240144084
WMT,2024-11-22,extended-strength-wait,"Extended strength, wait for pullback",Wait for pullback,7,0.02432548528144407
XLE,2024-11-22,trend-hold,Trend hold / monitor,Hold,8,-0.028271821680956433
XLF,2024-11-22,trend-hold,Trend hold / monitor,Hold,8,0.0019712653207319963
XLK,2024-11-22,trend-hold,Trend hold / monitor,Hold,6,0.010059892051908825
XLV,2024-11-22,no-action,No actionable setup,No action,2,0.0207407752387625
XOM,2024-11-22,trend-hold,Trend hold / monitor,Hold,6,-0.03235078751776188
AAPL,2024-11-29,trend-hold,Trend hold / monitor,Hold,5,0.023216594886129593
ABBV,2024-11-29,no-action,No actionable setup,No action,2,-0.03684464278266675
AMD,2024-11-29,no-action,No actionable setup,No action,0,0.010278493493157237
AMZN,2024-11-29,trend-hold,Trend hold / monitor,Hold,8,0.09206791786926849
AVGO,2024-11-29,no-action,No actionable setup,No action,0,0.10766286248214207
CAT,2024-11-29,trend-hold,Trend hold / monitor,Hold,7,-0.02728321630081043
COST,2024-11-29,trend-hold,Trend hold / monitor,Hold,8,0.021329773598181667
CRM,2024-11-29,trend-hold,Trend hold / monitor,Hold,7,0.09697263840418935
GE,2024-11-29,trend-hold,Trend hold / monitor,Hold,5,-0.03612209979562786
GOOGL,2024-11-29,no-action,No actionable setup,No action,3,0.03409298531913896
GS,2024-11-29,strong-stock-constructive-pullback,Constructive pullback continuation,Buy on pullback,8,-0.014608039406222795
JPM,2024-11-29,strong-stock-constructive-pullback,Constructive pullback continuation,Buy on pullback,8,-0.009450587052759918
LLY,2024-11-29,no-action,No actionable setup,No action,2,0.03942924165379602
MA,2024-11-29,trend-hold,Trend hold / monitor,Hold,7,-0.008199788150952236
META,2024-11-29,no-action,No actionable setup,No action,4,0.08610184492339212
MSFT,2024-11-29,trend-hold,Trend hold / monitor,Hold,5,0.04748976591634846
NFLX,2024-11-29,extended-strength-wait,"Extended strength, wait for pullback",Wait for pullback,6,0.05404764584040955
NOW,2024-11-29,trend-hold,Trend hold / monitor,Hold,8,0.07137137755702927
NVDA,2024-11-29,no-action,No actionable setup,No action,4,0.030307431764240444
PANW,2024-11-29,trend-hold,Trend hold / monitor,Hold,6,0.046619530273874554
PLTR,2024-11-29,trend-hold,Trend hold / monitor,Hold,7,0.13804404075834453
QQQ,2024-11-29,trend-hold,Trend hold / monitor,Hold,6,0.032840252982070384
TSLA,2024-11-29,extended-strength-wait,"Extended strength, wait for pullback",Wait for pullback,7,0.12765093606189026
UBER,2024-11-29,no-action,No actionable setup,No action,2,-0.08157313537054567
V,2024-11-29,trend-hold,Trend hold / monitor,Hold,7,-0.012917281262188829
VOO,2024-11-29,trend-hold,Trend hold / monitor,Hold,6,0.009702764475102654
WMT,2024-11-29,extended-strength-wait,"Extended strength, wait for pullback",Wait for pullback,7,0.03459456160261842
XLE,2024-11-29,trend-hold,Trend hold / monitor,Hold,6,-0.04721032339432907
XLF,2024-11-29,trend-hold,Trend hold / monitor,Hold,8,-0.018309283675792987
XLK,2024-11-29,trend-hold,Trend hold / monitor,Hold,6,0.030419718223243297
XLV,2024-11-29,no-action,No actionable setup,No action,4,-0.021233327488323295
XOM,2024-11-29,no-action,No actionable setup,No action,3,-0.03721600054018903
AAPL,2025-01-31,no-action,No actionable setup,No action,3,-0.03546608100503179
ABBV,2025-01-31,trend-hold,Trend hold / monitor,Hold,6,0.03643291152474193
AMD,2025-01-31,no-action,No actionable setup,No action,0,-0.07235877197472951
AMZN,2025-01-31,trend-hold,Trend hold / monitor,Hold,8,-0.03588858567045061
AVGO,2025-01-31,no-action,No actionable setup,No action,2,0.016269674041736293
CAT,2025-01-31,no-action,No actionable setup,No action,1,-0.020353213194333697
COST,2025-01-31,trend-hold,Trend hold / monitor,Hold,7,0.06524273726616481
CRM,2025-01-31,trend-hold,Trend hold / monitor,Hold,5,-0.046444322703594776
GE,2025-01-31,extended-strength-wait,"Extended strength, wait for pullback",Wait for pullback,7,0.00840001667020962
GOOGL,2025-01-31,trend-hold,Trend hold / monitor,Hold,8,-0.09155968798835956
GS,2025-01-31,strong-stock-constructive-pullback,Constructive pullback continuation,Buy on pullback,8,0.024203621813071896
JPM,2025-01-31,strong-stock-constructive-pullback,Constructive pullback continuation,Buy on pullback,8,0.031799477696136336
LLY,2025-01-31,trend-hold,Trend hold / monitor,Hold,5,0.08288945486534272
MA,2025-01-31,trend-hold,Trend hold / monitor,Hold,7,0.013178991809489116
META,2025-01-31,extended-strength-wait,"Extended strength, wait for pullback",Wait for pullback,7,0.03676837273973188
MSFT,2025-01-31,no-action,No actionable setup,No action,0,-0.01279332527785726
NFLX,2025-01-31,extended-strength-wait,"Extended strength, wait for pullback",Wait for pullback,6,0.038054334166315984
NOW,2025-01-31,no-action,No actionable setup,No action,0,-0.009907844631187435
NVDA,2025-01-31,no-action,No actionable setup,No action,-1,0.08136917354791628
PANW,2025-01-31,trend-hold,Trend hold / monitor,Hold,3,0.051621322887877685
PLTR,2025-01-31,extended-strength-wait,"Extended strength, wait for pullback",Wait for pullback,7,0.3437992646961574
QQQ,2025-01-31,trend-hold,Trend hold / monitor,Hold,5,0.0012062358255311434
TSLA,2025-01-31,no-action,No actionable setup,No action,3,-0.10622839925348848
UBER,2025-01-31,trend-hold,Trend hold / monitor,Hold,6,0.11593119187579592
V,2025-01-31,extended-strength-wait,"Extended strength, wait for pullback",Wait for pullback,7,0.018197780698782973
VOO,2025-01-31,trend-hold,Trend hold / monitor,Hold,5,-0.0020421897383330334
WMT,2025-01-31,trend-hold,Trend hold / monitor,Hold,8,0.030460449798492606
XLE,2025-01-31,no-action,No actionable setup,No action,1,0.01049746891091341
XLF,2025-01-31,trend-hold,Trend hold / monitor,Hold,8,0.006800047907912443
XLK,2025-01-31,no-action,No actionable setup,No action,1,0.008708503907482346
XLV,2025-01-31,trend-hold,Trend hold / monitor,Hold,8,-0.002995863389626763
XOM,2025-01-31,no-action,No actionable setup,No action,0,0.019282949763976598
AAPL,2025-02-07,no-action,No actionable setup,No action,0,0.07455080989625906
ABBV,2025-02-07,trend-hold,Trend hold / monitor,Hold,7,0.011909700634736842
AMD,2025-02-07,no-action,No actionable setup,No action,0,0.051506145790951585
AMZN,2025-02-07,no-action,No actionable setup,No action,5,-0.002051063640505557
AVGO,2025-02-07,no-action,No actionable setup,No action,3,0.03633209563902762
CAT,2025-02-07,no-action,No actionable setup,No action,1,-0.029020549128536466
COST,2025-02-07,extended-strength-wait,"Extended strength, wait for pullback",Wait for pullback,7,0.026863045399240226
CRM,2025-02-07,no-action,No actionable setup,No action,0,0.0021791179508237057
GE,2025-02-07,extended-strength-wait,"Extended strength, wait for pullback",Wait for pullback,7,0.014565498397039356
GOOGL,2025-02-07,no-action,No actionable setup,No action,1,-0.0005935071356701904
GS,2025-02-07,strong-stock-constructive-pullback,Constructive pullback continuation,Buy on pullback,8,0.007089439252667029
JPM,2025-02-07,strong-stock-constructive-pullback,Constructive pullback continuation,Buy on pullback,8,0.0028644255978536037
LLY,2025-02-07,extended-strength-wait,"Extended strength, wait for pullback",Wait for pullback,7,-0.03875622288481684
MA,2025-02-07,strong-stock-constructive-pullback,Constructive pullback continuation,Buy on pullback,8,0.0035717632441136793
META,2025-02-07,extended-strength-wait,"Extended strength, wait for pullback",Wait for pullback,7,0.030999779954993256
MSFT,2025-02-07,no-action,No actionable setup,No action,0,-0.0032214943849144806
NFLX,2025-02-07,extended-strength-wait,"Extended strength, wait for pullback",Wait for pullback,7,0.04405632507317847
NOW,2025-02-07,no-action,No actionable setup,No action,0,-0.02148191805012445
NVDA,2025-02-07,no-action,No actionable setup,No action,0,0.06939317636899567
PANW,2025-02-07,trend-hold,Trend hold / monitor,Hold,7,0.03140144509243559
PLTR,2025-02-07,trend-hold,Trend hold / monitor,Hold,7,0.0749662183344848
QQQ,2025-02-07,trend-hold,Trend hold / monitor,Hold,6,0.029124994266136017
TSLA,2025-02-07,no-action,No actionable setup,No action,0,-0.015983626064216327
UBER,2025-02-07,extended-strength-wait,"Extended strength, wait for pullback",Wait for pullback,6,0.0646112572843589
V,2025-02-07,strong-stock-constructive-pullback,Constructive pullback continuation,Buy on pullback,8,0.01663699996466117
VOO,2025-02-07,trend-hold,Trend hold / monitor,Hold,5,0.015374846154823985
WMT,2025-02-07,trend-hold,Trend hold / monitor,Hold,8,0.028571422106296707
XLE,2025-02-07,no-action,No actionable setup,No action,4,0.017050611764430235
XLF,2025-02-07,trend-hold,Trend hold / monitor,Hold,8,-0.0003859602061261347
XLK,2025-02-07,no-action,No actionable setup,No action,3,0.030710392885296534
XLV,2025-02-07,trend-hold,Trend hold / monitor,Hold,6,-0.011131528413256708
XOM,2025-02-07,no-action,No actionable setup,No action,2,-0.005969340890093822
AAPL,2025-02-14,trend-hold,Trend hold / monitor,Hold,7,0.010220768346759446
ABBV,2025-02-14,trend-hold,Trend hold / monitor,Hold,8,0.058122087404295364
AMD,2025-02-14,no-action,No actionable setup,No action,1,-0.04412022927578829
AMZN,2025-02-14,no-action,No actionable setup,No action,5,-0.06983551894964435
AVGO,2025-02-14,trend-hold,Trend hold / monitor,Hold,6,-0.10774974825681882
CAT,2025-02-14,no-action,No actionable setup,No action,1,-0.040756236833399684
COST,2025-02-14,extended-strength-wait,"Extended strength, wait for pullback",Wait for pullback,7,-0.03382003155822588
CRM,2025-02-14,no-action,No actionable setup,No action,2,-0.055797148110249495
GE,2025-02-14,trend-hold,Trend hold / monitor,Hold,8,-0.04590194153012683
GOOGL,2025-02-14,no-action,No actionable setup,No action,1,-0.0322841649056409
GS,2025-02-14,strong-stock-constructive-pullback,Constructive pullback continuation,Buy on pullback,8,-0.052092913148786724
JPM,2025-02-14,strong-stock-constructive-pullback,Constructive pullback continuation,Buy on pullback,8,-0.05513576124195807
LLY,2025-02-14,trend-hold,Trend hold / monitor,Hold,6,0.04397882670691966
MA,2025-02-14,strong-stock-constructive-pullback,Constructive pullback continuation,Buy on pullback,8,-0.0101990397089472
META,2025-02-14,extended-strength-wait,"Extended strength, wait for pullback",Wait for pullback,7,-0.09304027531647485
MSFT,2025-02-14,no-action,No actionable setup,No action,0,-0.010846394131730497
NFLX,2025-02-14,extended-strength-wait,"Extended strength, wait for pullback",Wait for pullback,7,-0.0662478787818509
NOW,2025-02-14,no-action,No actionable setup,No action,0,-0.05985018354143923
NVDA,2025-02-14,trend-hold,Trend hold / monitor,Hold,6,-0.06172133199497032
PANW,2025-02-14,trend-hold,Trend hold / monitor,Hold,8,-0.04819276832713848
PLTR,2025-02-14,trend-hold,Trend hold / monitor,Hold,7,-0.2390063988055221
QQQ,2025-02-14,trend-hold,Trend hold / monitor,Hold,7,-0.033968277371683286
TSLA,2025-02-14,no-action,No actionable setup,No action,0,-0.07112746689262117
UBER,2025-02-14,trend-hold,Trend hold / monitor,Hold,7,-0.03777386135943095
V,2025-02-14,strong-stock-constructive-pullback,Constructive pullback continuation,Buy on pullback,8,-0.011164218745336907
VOO,2025-02-14,trend-hold,Trend hold / monitor,Hold,6,-0.020599596466276848
WMT,2025-02-14,trend-hold,Trend hold / monitor,Hold,8,-0.0996732281365672
XLE,2025-02-14,no-action,No actionable setup,No action,4,0.00977014828910372
XLF,2025-02-14,trend-hold,Trend hold / monitor,Hold,6,-0.016023127964905348
XLK,2025-02-14,trend-hold,Trend hold / monitor,Hold,6,-0.03525443459945832
XLV,2025-02-14,no-action,No actionable setup,No action,4,0.01947508291434019
XOM,2025-02-14,no-action,No actionable setup,No action,0,0.027993337390032513
AAPL,2025-05-09,no-action,No actionable setup,No action,1,0.06412127036625237
ABBV,2025-05-09,trend-hold,Trend hold / monitor,Hold,2,-0.0031419383091969566
AMD,2025-05-09,trend-hold,Trend hold / monitor,Hold,5,0.13934269098933183
AMZN,2025-05-09,trend-hold,Trend hold / monitor,Hold,4,0.06490209747098974
AVGO,2025-05-09,trend-hold,Trend hold / monitor,Hold,6,0.09803075869969025
CAT,2025-05-09,trend-hold,Trend hold / monitor,Hold,5,0.0858669365344582
COST,2025-05-09,no-action,No actionable setup,No action,5,0.01759756443038607
CRM,2025-05-09,trend-hold,Trend hold / monitor,Hold,5,0.057112699520208476
GE,2025-05-09,extended-strength-wait,"Extended strength, wait for pullback",Wait for pullback,7,0.07824707638671935
GOOGL,2025-05-09,no-action,No actionable setup,No action,0,0.08798692269333053
GS,2025-05-09,trend-hold,Trend hold / monitor,Hold,6,0.0915712501261925
JPM,2025-05-09,wait-for-confirmation,Breakout confirmation,Wait for confirmation,8,0.05721509255087365
LLY,2025-05-09,no-action,No actionable setup,No action,1,0.031065803254538116
MA,2025-05-09,strong-stock-constructive-pullback,Constructive pullback continuation,Buy on pullback,8,0.025745663814194852
META,2025-05-09,trend-hold,Trend hold / monitor,Hold,3,0.08076091986324596
MSFT,2025-05-09,extended-strength-wait,"Extended strength, wait for pullback",Wait for pullback,7,0.035420367055373436
NFLX,2025-05-09,extended-strength-wait,"Extended strength, wait for pullback",Wait for pullback,6,0.04500005754397485
NOW,2025-05-09,extended-strength-wait,"Extended strength, wait for pullback",Wait for pullback,6,0.06134319572045177
NVDA,2025-05-09,trend-hold,Trend hold / monitor,Hold,4,0.1607371806715816
PANW,2025-05-09,trend-hold,Trend hold / monitor,Hold,6,0.032365074032026264
PLTR,2025-05-09,extended-strength-wait,"Extended strength, wait for pullback",Wait for pullback,5,0.10417733079948133
QQQ,2025-05-09,trend-hold,Trend hold / monitor,Hold,5,0.06873375097038426
TSLA,2025-05-09,trend-hold,Trend hold / monitor,Hold,6,0.1734057517846428
UBER,2025-05-09,trend-hold,Trend hold / monitor,Hold,7,0.10844105327475262
V,2025-05-09,trend-hold,Trend hold / monitor,Hold,7,0.0356838550727574
VOO,2025-05-09,trend-hold,Trend hold / monitor,Hold,5,0.05323432768128078
WMT,2025-05-09,trend-hold,Trend hold / monitor,Hold,5,0.015715432422275688
XLE,2025-05-09,trend-hold,Trend hold / monitor,Hold,3,0.037001128720926424
XLF,2025-05-09,trend-hold,Trend hold / monitor,Hold,6,0.034697142419953364
XLK,2025-05-09,trend-hold,Trend hold / monitor,Hold,6,0.07945768750533833
XLV,2025-05-09,no-action,No actionable setup,No action,0,0.003090169465951531
XOM,2025-05-09,trend-hold,Trend hold / monitor,Hold,3,0.008200586178673364
AAPL,2025-06-27,no-action,No actionable setup,No action,3,0.044111771615359174
ABBV,2025-06-27,no-action,No actionable setup,No action,1,0.029181105783893768
AMD,2025-06-27,trend-hold,Trend hold / monitor,Hold,6,-0.06265207328972322
AMZN,2025-06-27,trend-hold,Trend hold / monitor,Hold,8,0.0007612994474788248
AVGO,2025-06-27,trend-hold,Trend hold / monitor,Hold,8,0.01793200840102971
CAT,2025-06-27,extended-strength-wait,"Extended strength, wait for pullback",Wait for pullback,7,0.017675699777973897
COST,2025-06-27,no-action,No actionable setup,No action,3,0.007146170008997199
CRM,2025-06-27,trend-hold,Trend hold / monitor,Hold,4,-0.013239797589734259
GE,2025-06-27,trend-hold,Trend hold / monitor,Hold,7,-0.023024638469331782
GOOGL,2025-06-27,trend-hold,Trend hold / monitor,Hold,5,-0.009746291968080412
GS,2025-06-27,extended-strength-wait,"Extended strength, wait for pullback",Wait for pullback,7,0.029125222837385056
JPM,2025-06-27,strong-stock-constructive-pullback,Constructive pullback continuation,Buy on pullback,8,0.016927366225837126
LLY,2025-06-27,no-action,No actionable setup,No action,4,-0.003327122379559566
MA,2025-06-27,no-action,No actionable setup,No action,3,0.026893421274886364
META,2025-06-27,trend-hold,Trend hold / monitor,Hold,8,-0.02082797758430799
MSFT,2025-06-27,trend-hold,Trend hold / monitor,Hold,8,0.003589141368984805
NFLX,2025-06-27,extended-strength-wait,"Extended strength, wait for pullback",Wait for pullback,7,-0.02531887458700921
NOW,2025-06-27,no-action,No actionable setup,No action,5,0.012313948527814533
NVDA,2025-06-27,extended-strength-wait,"Extended strength, wait for pullback",Wait for pullback,7,0.003106215487569397
PANW,2025-06-27,trend-hold,Trend hold / monitor,Hold,8,0.004237876121490958
PLTR,2025-06-27,no-action,No actionable setup,No action,5,0.06409659837792803
QQQ,2025-06-27,trend-hold,Trend hold / monitor,Hold,7,0.007188604514501096
TSLA,2025-06-27,no-action,No actionable setup,No action,3,-0.09174057409218628
UBER,2025-06-27,trend-hold,Trend hold / monitor,Hold,7,0.05626572265445917
V,2025-06-27,no-action,No actionable setup,No action,3,0.023034421371427305
VOO,2025-06-27,trend-hold,Trend hold / monitor,Hold,7,0.006455548224231666
WMT,2025-06-27,no-action,No actionable setup,No action,6,0.021383796677687528
XLE,2025-06-27,trend-hold,Trend hold / monitor,Hold,4,0.010433755660107069
XLF,2025-06-27,no-action,No actionable setup,No action,6,0.014247241009480272
XLK,2025-06-27,trend-hold,Trend hold / monitor,Hold,8,0.016549004369659004
XLV,2025-06-27,no-action,No actionable setup,No action,2,0.003210691839663493
XOM,2025-06-27,trend-hold,Trend hold / monitor,Hold,5,0.0158164509085279
AAPL,2025-07-11,trend-hold,Trend hold / monitor,Hold,5,9.466287803205908e-05
ABBV,2025-07-11,no-action,No actionable setup,No action,5,-0.01657574690564534
AMD,2025-07-11,extended-strength-wait,"Extended strength, wait for pullback",Wait for pullback,6,0.07218964251059923
AMZN,2025-07-11,trend-hold,Trend hold / monitor,Hold,7,0.004932897472562203
AVGO,2025-07-11,trend-hold,Trend hold / monitor,Hold,7,0.032655409634914756
CAT,2025-07-11,extended-strength-wait,"Extended strength, wait for pullback",Wait for pullback,7,0.01919091882551527
COST,2025-07-11,no-action,No actionable setup,No action,1,-0.019972591326130273
CRM,2025-07-11,no-action,No actionable setup,No action,0,0.01670088517174717
GE,2025-07-11,trend-hold,Trend hold / monitor,Hold,7,0.03073365790071869
GOOGL,2025-07-11,no-action,No actionable setup,No action,5,0.027026999562703935
GS,2025-07-11,strong-stock-constructive-pullback,Constructive pullback continuation,Buy on pullback,7,0.00469536492130973
JPM,2025-07-11,wait-for-confirmation,Breakout confirmation,Wait for confirmation,7,0.015373366406278954
LLY,2025-07-11,no-action,No actionable setup,No action,4,-0.026859670786834045
MA,2025-07-11,no-action,No actionable setup,No action,1,0.004507580249671905
META,2025-07-11,trend-hold,Trend hold / monitor,Hold,5,-0.01843873993210432
MSFT,2025-07-11,trend-hold,Trend hold / monitor,Hold,7,0.013371176132116025
NFLX,2025-07-11,no-action,No actionable setup,No action,4,-0.02880868308922857
NOW,2025-07-11,no-action,No actionable setup,No action,0,0.026225505752765832
NVDA,2025-07-11,extended-strength-wait,"Extended strength, wait for pullback",Wait for pullback,7,0.04541599306526334
PANW,2025-07-11,no-action,No actionable setup,No action,1,0.04477293034300467
PLTR,2025-07-11,trend-hold,Trend hold / monitor,Hold,7,0.08036592314166535
QQQ,2025-07-11,trend-hold,Trend hold / monitor,Hold,6,0.012739078677530546
TSLA,2025-07-11,no-action,No actionable setup,No action,0,0.05148155921058262
UBER,2025-07-11,trend-hold,Trend hold / monitor,Hold,8,-0.05031977232907603
V,2025-07-11,no-action,No actionable setup,No action,1,0.0032190243461740486
VOO,2025-07-11,trend-hold,Trend hold / monitor,Hold,5,0.006454785939318697
WMT,2025-07-11,no-action,No actionable setup,No action,0,0.006885609273011406
XLE,2025-07-11,trend-hold,Trend hold / monitor,Hold,6,-0.035566007703694225
XLF,2025-07-11,trend-hold,Trend hold / monitor,Hold,5,0.007285296572601352
XLK,2025-07-11,trend-hold,Trend hold / monitor,Hold,6,0.019699075335893212
XLV,2025-07-11,no-action,No actionable setup,No action,3,-0.02477998404480819
XOM,2025-07-11,trend-hold,Trend hold / monitor,Hold,7,-0.0663605963948517
AAPL,2025-09-19,trend-hold,Trend hold / monitor,Hold,8,0.04057029211351204
ABBV,2025-09-19,trend-hold,Trend hold / monitor,Hold,7,-0.00836068054185124
AMD,2025-09-19,no-action,No actionable setup,No action,0,0.01315208928296685
AMZN,2025-09-19,trend-hold,Trend hold / monitor,Hold,6,-0.05054431123289593
AVGO,2025-09-19,trend-hold,Trend hold / monitor,Hold,7,-0.03017917199637543
CAT,2025-09-19,extended-strength-wait,"Extended strength, wait for pullback",Wait for pullback,7,-0.0016718797209474001
COST,2025-09-19,no-action,No actionable setup,No action,0,-0.03701791699780632
CRM,2025-09-19,no-action,No actionable setup,No action,2,-0.014812431568878348
GE,2025-09-19,extended-strength-wait,"Extended strength, wait for pullback",Wait for pullback,7,-0.020455613211352253
GOOGL,2025-09-19,extended-strength-wait,"Extended strength, wait for pullback",Wait for pullback,7,-0.032113724463603166
GS,2025-09-19,strong-stock-constructive-pullback,Constructive pullback continuation,Buy on pullback,8,-0.0030931555706521507
JPM,2025-09-19,wait-for-confirmation,Breakout confirmation,Wait for confirmation,8,0.004066328179238354
LLY,2025-09-19,trend-hold,Trend hold / monitor,Hold,5,-0.03650316169564416
MA,2025-09-19,no-action,No actionable setup,No action,4,-0.03257663848359982
META,2025-09-19,trend-hold,Trend hold / monitor,Hold,7,-0.04448984386235122
MSFT,2025-09-19,trend-hold,Trend hold / monitor,Hold,5,-0.012492038136809103
NFLX,2025-09-19,no-action,No actionable setup,No action,6,-0.01333367242582939
NOW,2025-09-19,trend-hold,Trend hold / monitor,Hold,6,-0.026166565526153485
NVDA,2025-09-19,no-action,No actionable setup,No action,4,0.00860363552507315
PANW,2025-09-19,trend-hold,Trend hold / monitor,Hold,7,-0.027955268053069693
PLTR,2025-09-19,trend-hold,Trend hold / monitor,Hold,6,-0.026426844024120544
QQQ,2025-09-19,trend-hold,Trend hold / monitor,Hold,7,-0.00563945110618902
TSLA,2025-09-19,trend-hold,Trend hold / monitor,Hold,6,0.03363293901455311
UBER,2025-09-19,trend-hold,Trend hold / monitor,Hold,7,-0.0006091278721657156
V,2025-09-19,no-action,No actionable setup,No action,2,-0.012411786587594897
VOO,2025-09-19,trend-hold,Trend hold / monitor,Hold,7,-0.0026481023811870674
WMT,2025-09-19,trend-hold,Trend hold / monitor,Hold,6,0.008111031136547986
XLE,2025-09-19,no-action,No actionable setup,No action,4,0.039200196026836664
XLF,2025-09-19,trend-hold,Trend hold / monitor,Hold,6,-0.007188928841445841
XLK,2025-09-19,trend-hold,Trend hold / monitor,Hold,8,-0.000286881851396692
XLV,2025-09-19,no-action,No actionable setup,No action,3,-0.01303804627917926
XOM,2025-09-19,trend-hold,Trend hold / monitor,Hold,5,0.039000190903925036
AAPL,2025-09-26,extended-strength-wait,"Extended strength, wait for pullback",Wait for pullback,7,0.010021068787773313
ABBV,2025-09-26,trend-hold,Trend hold / monitor,Hold,7,0.06028739864449162
AMD,2025-09-26,no-action,No actionable setup,No action,2,0.03267271563851648
AMZN,2025-09-26,no-action,No actionable setup,No action,2,-0.0012285206750415334
AVGO,2025-09-26,no-action,No actionable setup,No action,6,0.011478780234665864
CAT,2025-09-26,trend-hold,Trend hold / monitor,Hold,7,0.06889813566011949
COST,2025-09-26,no-action,No actionable setup,No action,0,-0.0006223126989707284
CRM,2025-09-26,no-action,No actionable setup,No action,0,-0.012611396121259943
GE,2025-09-26,trend-hold,Trend hold / monitor,Hold,7,0.006847884393649695
GOOGL,2025-09-26,trend-hold,Trend hold / monitor,Hold,7,-0.004826751095251769
GS,2025-09-26,strong-stock-constructive-pullback,Constructive pullback continuation,Buy on pullback,7,-0.015613548920759834
JPM,2025-09-26,wait-for-confirmation,Breakout confirmation,Wait for confirmation,7,-0.019078652236523497
LLY,2025-09-26,no-action,No actionable setup,No action,1,0.1591768854547475
MA,2025-09-26,no-action,No actionable setup,No action,2,0.027108819549221286
META,2025-09-26,no-action,No actionable setup,No action,2,-0.04462521336659664
MSFT,2025-09-26,trend-hold,Trend hold / monitor,Hold,3,0.011516021251442687
NFLX,2025-09-26,no-action,No actionable setup,No action,3,-0.047323220677064404
NOW,2025-09-26,trend-hold,Trend hold / monitor,Hold,4,-0.025256393713933067
NVDA,2025-09-26,no-action,No actionable setup,No action,4,0.05292099751153034
PANW,2025-09-26,trend-hold,Trend hold / monitor,Hold,7,0.023817796316235595
PLTR,2025-09-26,trend-hold,Trend hold / monitor,Hold,7,-0.025342117555830268
QQQ,2025-09-26,trend-hold,Trend hold / monitor,Hold,6,0.012097961855611405
TSLA,2025-09-26,trend-hold,Trend hold / monitor,Hold,7,-0.024000925228675696
UBER,2025-09-26,trend-hold,Trend hold / monitor,Hold,6,-0.018791249684788736
V,2025-09-26,no-action,No actionable setup,No action,1,0.03696238966471088
VOO,2025-09-26,trend-hold,Trend hold / monitor,Hold,6,0.008424044307508094
WMT,2025-09-26,trend-hold,Trend hold / monitor,Hold,8,-0.010566148978196632
XLE,2025-09-26,trend-hold,Trend hold / monitor,Hold,7,-0.03348183795178905
XLF,2025-09-26,trend-hold,Trend hold / monitor,Hold,5,-0.00259932023880316
XLK,2025-09-26,trend-hold,Trend hold / monitor,Hold,6,0.021087379716098198
XLV,2025-09-26,no-action,No actionable setup,No action,2,0.06878234187615306
XOM,2025-09-26,trend-hold,Trend hold / monitor,Hold,7,-0.03378262278821098
AAPL,2025-11-28,trend-hold,Trend hold / monitor,Hold,7,-0.00025105728056806775
ABBV,2025-11-28,trend-hold,Trend hold / monitor,Hold,3,-0.007114603157222454
AMD,2025-11-28,no-action,No actionable setup,No action,1,0.002022720745990858
AMZN,2025-11-28,no-action,No actionable setup,No action,7,-0.015821981056909018
AVGO,2025-11-28,trend-hold,Trend hold / monitor,Hold,7,-0.031566412275252254
CAT,2025-11-28,trend-hold,Trend hold / monitor,Hold,5,0.047606594205264585
COST,2025-11-28,trend-hold,Trend hold / monitor,Hold,2,-0.020698599616695623
CRM,2025-11-28,no-action,No actionable setup,No action,1,0.13025945568070885
GE,2025-11-28,no-action,No actionable setup,No action,3,-0.048617889670447
GOOGL,2025-11-28,extended-strength-wait,"Extended strength, wait for pullback",Wait for pullback,7,0.0034043237017447048
GS,2025-11-28,strong-stock-constructive-pullback,Constructive pullback continuation,Buy on pullback,8,0.034526197629512145
JPM,2025-11-28,trend-hold,Trend hold / monitor,Hold,7,0.006260451184106008
LLY,2025-11-28,extended-strength-wait,"Extended strength, wait for pullback",Wait for pullback,7,-0.060587440765017986
MA,2025-11-28,trend-hold,Trend hold / monitor,Hold,3,-0.009100338762671467
META,2025-11-28,no-action,No actionable setup,No action,2,0.03930854267039807
MSFT,2025-11-28,no-action,No actionable setup,No action,2,-0.017987451327934223
NFLX,2025-11-28,no-action,No actionable setup,No action,1,-0.06822833093842118
NOW,2025-11-28,no-action,No actionable setup,No action,1,0.05163648691542977
NVDA,2025-11-28,no-action,No actionable setup,No action,1,0.030564992441295846
PANW,2025-11-28,no-action,No actionable setup,No action,1,0.04581071493921529
PLTR,2025-11-28,no-action,No actionable setup,No action,1,0.07901453131330927
QQQ,2025-11-28,trend-hold,Trend hold / monitor,Hold,5,0.010060525585385616
TSLA,2025-11-28,no-action,No actionable setup,No action,2,0.057721332954875804
UBER,2025-11-28,no-action,No actionable setup,No action,1,0.043180246056250704
V,2025-11-28,no-action,No actionable setup,No action,2,-0.0095682698949624
VOO,2025-11-28,trend-hold,Trend hold / monitor,Hold,6,0.0032940395803404687
WMT,2025-11-28,trend-hold,Trend hold / monitor,Hold,6,0.041625177678039194
XLE,2025-11-28,trend-hold,Trend hold / monitor,Hold,7,0.015367600182936814
XLF,2025-11-28,trend-hold,Trend hold / monitor,Hold,6,0.006562881344535976
XLK,2025-11-28,no-action,No actionable setup,No action,3,0.02438687358171676
XLV,2025-11-28,trend-hold,Trend hold / monitor,Hold,8,-0.027846492607738305
XOM,2025-11-28,no-action,No actionable setup,No action,5,0.0053485399963377755
AAPL,2025-12-19,no-action,No actionable setup,No action,4,0.00032884983182279726
ABBV,2025-12-19,no-action,No actionable setup,No action,4,0.017723255814579453
AMD,2025-12-19,no-action,No actionable setup,No action,2,0.010214159253062016
AMZN,2025-12-19,no-action,No actionable setup,No action,3,0.02076094609187762
AVGO,2025-12-19,no-action,No actionable setup,No action,1,0.026530819383917104
CAT,2025-12-19,no-action,No actionable setup,No action,5,0.004147746988916623
COST,2025-12-19,no-action,No actionable setup,No action,0,0.014282078268411214
CRM,2025-12-19,trend-hold,Trend hold / monitor,Hold,6,0.024316137259706716
GE,2025-12-19,trend-hold,Trend hold / monitor,Hold,6,0.014224781871479353
GOOGL,2025-12-19,no-action,No actionable setup,No action,5,0.020836026240983685
GS,2025-12-19,strong-stock-constructive-pullback,Constructive pullback continuation,Buy on pullback,8,-0.001454971371923408
JPM,2025-12-19,trend-hold,Trend hold / monitor,Hold,6,0.020617284200040942
LLY,2025-12-19,trend-hold,Trend hold / monitor,Hold,6,0.006803964254806338
MA,2025-12-19,trend-hold,Trend hold / monitor,Hold,7,0.009908680318825303
META,2025-12-19,trend-hold,Trend hold / monitor,Hold,5,-0.00012146437674964705
MSFT,2025-12-19,no-action,No actionable setup,No action,3,0.002428368132971981
NFLX,2025-12-19,no-action,No actionable setup,No action,0,-0.0025426196135334145
NOW,2025-12-19,no-action,No actionable setup,No action,0,-0.004700249430263814
NVDA,2025-12-19,no-action,No actionable setup,No action,3,0.039946933577015065
PANW,2025-12-19,no-action,No actionable setup,No action,1,-0.000160524285707897
PLTR,2025-12-19,trend-hold,Trend hold / monitor,Hold,6,-0.047574785265965924
QQQ,2025-12-19,trend-hold,Trend hold / monitor,Hold,7,0.006190758285049114
TSLA,2025-12-19,extended-strength-wait,"Extended strength, wait for pullback",Wait for pullback,7,-0.04480464881891533
UBER,2025-12-19,no-action,No actionable setup,No action,0,0.027613195168595173
V,2025-12-19,trend-hold,Trend hold / monitor,Hold,7,0.015347130569971279
VOO,2025-12-19,trend-hold,Trend hold / monitor,Hold,7,0.008031069613982478
WMT,2025-12-19,trend-hold,Trend hold / monitor,Hold,6,-0.016002114561802783
XLE,2025-12-19,no-action,No actionable setup,No action,2,0.011103508994101619
XLF,2025-12-19,trend-hold,Trend hold / monitor,Hold,6,0.008752726858146653
XLK,2025-12-19,trend-hold,Trend hold / monitor,Hold,6,0.008782772891190005
XLV,2025-12-19,trend-hold,Trend hold / monitor,Hold,6,0.005615045201232016
XOM,2025-12-19,no-action,No actionable setup,No action,3,0.03290767210171941
AAPL,2025-12-26,no-action,No actionable setup,No action,4,-0.022457879546201154
ABBV,2025-12-26,trend-hold,Trend hold / monitor,Hold,5,-0.04261241513965419
AMD,2025-12-26,trend-hold,Trend hold / monitor,Hold,3,0.028326881167898055
AMZN,2025-12-26,trend-hold,Trend hold / monitor,Hold,5,0.002322351953426116
AVGO,2025-12-26,no-action,No actionable setup,No action,2,-0.024735158419620595
CAT,2025-12-26,no-action,No actionable setup,No action,6,0.056775258294918585
COST,2025-12-26,no-action,No actionable setup,No action,1,0.0027366058455935427
CRM,2025-12-26,trend-hold,Trend hold / monitor,Hold,7,-0.036906108321580144
GE,2025-12-26,trend-hold,Trend hold / monitor,Hold,7,0.02912988592077781
GOOGL,2025-12-26,no-action,No actionable setup,No action,5,0.009664759289701896
GS,2025-12-26,strong-stock-constructive-pullback,Constructive pullback continuation,Buy on pullback,8,0.04564299856341547
JPM,2025-12-26,strong-stock-constructive-pullback,Constructive pullback continuation,Buy on pullback,8,0.018694168565619895
LLY,2025-12-26,no-action,No actionable setup,No action,5,-0.033625599846323406
MA,2025-12-26,wait-for-confirmation,Breakout confirmation,Wait for confirmation,8,-0.01903031181215664
META,2025-12-26,trend-hold,Trend hold / monitor,Hold,5,-0.006784363022313777
MSFT,2025-12-26,trend-hold,Trend hold / monitor,Hold,3,-0.030468896704838655
NFLX,2025-12-26,no-action,No actionable setup,No action,1,-0.031861988963019394
NOW,2025-12-26,no-action,No actionable setup,No action,1,-0.040873307629344935
NVDA,2025-12-26,trend-hold,Trend hold / monitor,Hold,7,-0.012648945979898074
PANW,2025-12-26,no-action,No actionable setup,No action,3,-0.033589821881468196
PLTR,2025-12-26,trend-hold,Trend hold / monitor,Hold,8,-0.07773839704207042
QQQ,2025-12-26,trend-hold,Trend hold / monitor,Hold,7,-0.009456834178356188
TSLA,2025-12-26,trend-hold,Trend hold / monitor,Hold,7,-0.049495967703091615
UBER,2025-12-26,no-action,No actionable setup,No action,1,-0.0063992648140615005
V,2025-12-26,wait-for-confirmation,Breakout confirmation,Wait for confirmation,8,-0.0033803160761444184
VOO,2025-12-26,trend-hold,Trend hold / monitor,Hold,7,-0.0037489836527814235
WMT,2025-12-26,no-action,No actionable setup,No action,5,0.00868087738721579
XLE,2025-12-26,no-action,No actionable setup,No action,3,0.06085969638635125
XLF,2025-12-26,trend-hold,Trend hold / monitor,Hold,8,0.009169402121978587
XLK,2025-12-26,trend-hold,Trend hold / monitor,Hold,7,-0.013034898505569603
XLV,2025-12-26,no-action,No actionable setup,No action,5,-0.0064723469777184794
XOM,2025-12-26,trend-hold,Trend hold / monitor,Hold,7,0.05247250413880722
AAPL,2026-01-09,no-action,No actionable setup,No action,1,-0.014805090836184198
ABBV,2026-01-09,no-action,No actionable setup,No action,2,-0.026035967284014028
AMD,2026-01-09,no-action,No actionable setup,No action,0,0.14106415278045747
AMZN,2026-01-09,trend-hold,Trend hold / monitor,Hold,6,-0.03338996524613169
AVGO,2026-01-09,no-action,No actionable setup,No action,0,0.019537902456807865
CAT,2026-01-09,trend-hold,Trend hold / monitor,Hold,6,0.04739163201103347
COST,2026-01-09,trend-hold,Trend hold / monitor,Hold,6,0.04187568145519305
CRM,2026-01-09,no-action,No actionable setup,No action,3,-0.12629838240635927
GE,2026-01-09,trend-hold,Trend hold / monitor,Hold,8,0.01097670580395782
GOOGL,2026-01-09,trend-hold,Trend hold / monitor,Hold,7,0.004352170447408543
GS,2026-01-09,strong-stock-constructive-pullback,Constructive pullback continuation,Buy on pullback,8,0.02451598544173228
JPM,2026-01-09,wait-for-confirmation,Breakout confirmation,Wait for confirmation,8,-0.050791339641850675
LLY,2026-01-09,no-action,No actionable setup,No action,6,-0.02365643009662699
MA,2026-01-09,wait-for-confirmation,Breakout confirmation,Wait for confirmation,8,-0.0626368092039925
META,2026-01-09,no-action,No actionable setup,No action,4,-0.05024040315017153
MSFT,2026-01-09,no-action,No actionable setup,No action,2,-0.04051914012100699
NFLX,2026-01-09,no-action,No actionable setup,No action,0,-0.01632013301379598
NOW,2026-01-09,no-action,No actionable setup,No action,0,-0.10218621425470009
NVDA,2026-01-09,trend-hold,Trend hold / monitor,Hold,2,0.0074109873020888895
PANW,2026-01-09,no-action,No actionable setup,No action,2,-0.0071950088858915295
PLTR,2026-01-09,no-action,No actionable setup,No action,2,-0.036790797099549244
QQQ,2026-01-09,trend-hold,Trend hold / monitor,Hold,5,-0.008601315628252504
TSLA,2026-01-09,no-action,No actionable setup,No action,4,-0.016876046832250635
UBER,2026-01-09,trend-hold,Trend hold / monitor,Hold,4,-0.006905476947870803
V,2026-01-09,no-action,No actionable setup,No action,7,-0.06138320008885578
VOO,2026-01-09,trend-hold,Trend hold / monitor,Hold,7,-0.0034778880349922714
WMT,2026-01-09,trend-hold,Trend hold / monitor,Hold,7,0.04514099558237206
XLE,2026-01-09,trend-hold,Trend hold / monitor,Hold,7,0.021855592410166214
XLF,2026-01-09,trend-hold,Trend hold / monitor,Hold,7,-0.023147334041330514
XLK,2026-01-09,no-action,No actionable setup,No action,4,-0.0036264030203946307
XLV,2026-01-09,trend-hold,Trend hold / monitor,Hold,7,-0.00998024340344239
XOM,2026-01-09,wait-for-confirmation,Breakout confirmation,Wait for confirmation,8,0.04237219126422387
