variant_id,variant_name,action_role,ticker,sample_size,avg_fwd_15d_return,avg_excess_15d_return,win_rate_15d
baseline_current_v1,Current v1 Pullback,live_buy_pullback,AVGO,67,0.02510781222294992,0.012252967578574785,0.6268656716417911
baseline_current_v1,Current v1 Pullback,live_buy_pullback,META,66,0.0245249738527903,0.012896323090088634,0.6666666666666666
baseline_current_v1,Current v1 Pullback,live_buy_pullback,AMAT,65,0.024323908345226977,0.019379272276336176,0.6
baseline_current_v1,Current v1 Pullback,live_buy_pullback,NVDA,64,0.03120284379848305,0.022334934911749336,0.53125
baseline_current_v1,Current v1 Pullback,live_buy_pullback,LRCX,58,0.031829273848319246,0.023163737358515256,0.6206896551724138
baseline_current_v1,Current v1 Pullback,live_buy_pullback,GE,56,0.012237649659039862,0.006636045686975388,0.625
baseline_current_v1,Current v1 Pullback,live_buy_pullback,CAT,54,0.02975028618735934,0.023027308448940232,0.5740740740740741
baseline_current_v1,Current v1 Pullback,live_buy_pullback,NFLX,54,0.04133890041411475,0.029397425471288537,0.6296296296296297
baseline_current_v1,Current v1 Pullback,live_buy_pullback,AMZN,51,-0.006025549990863744,-0.01387059369413427,0.5098039215686274
baseline_current_v1,Current v1 Pullback,live_buy_pullback,BNY,51,0.00751978017975958,0.0036293682332294006,0.6666666666666666
baseline_current_v1,Current v1 Pullback,live_buy_pullback,GOOGL,51,0.01452791881782028,0.006930410329753533,0.6470588235294118
baseline_current_v1,Current v1 Pullback,live_buy_pullback,IBM,51,0.0030413341686773153,-0.007158150852039282,0.5294117647058824
baseline_current_v1,Current v1 Pullback,live_buy_pullback,LLY,51,-0.0009098766287341988,-0.001527414308403166,0.4117647058823529
baseline_current_v1,Current v1 Pullback,live_buy_pullback,BAC,50,-0.0015245126232643692,-0.013088853000982255,0.54
baseline_current_v1,Current v1 Pullback,live_buy_pullback,MS,50,0.0026144180654338344,-0.0025671734124192522,0.6
baseline_current_v1,Current v1 Pullback,live_buy_pullback,GM,49,-0.008550315492105677,-0.020257264299392085,0.42857142857142855
baseline_current_v1,Current v1 Pullback,live_buy_pullback,GOOG,49,0.010496793198934158,0.005275693493479991,0.6326530612244898
baseline_current_v1,Current v1 Pullback,live_buy_pullback,COF,48,-0.009820257245679864,-0.018082240535486245,0.4375
baseline_current_v1,Current v1 Pullback,live_buy_pullback,MU,48,0.015478030159279848,0.008408294910849911,0.4583333333333333
baseline_current_v1,Current v1 Pullback,live_buy_pullback,ISRG,47,0.008094026839118014,-0.004008252220819164,0.6382978723404256
baseline_current_v1,Current v1 Pullback,live_buy_pullback,ORCL,47,0.019397194954978075,0.0042688572780781335,0.6170212765957447
baseline_current_v1,Current v1 Pullback,live_buy_pullback,SPG,47,0.010677331120574498,-0.0023977009527247468,0.6170212765957447
baseline_current_v1,Current v1 Pullback,live_buy_pullback,COP,45,0.01985845469634955,0.011230244213689339,0.6666666666666666
baseline_current_v1,Current v1 Pullback,live_buy_pullback,XOM,45,0.009618741055277399,-0.0022353368667865363,0.6222222222222222
baseline_current_v1,Current v1 Pullback,live_buy_pullback,AXP,44,0.015526089315023896,0.005105450557167682,0.6590909090909091
baseline_current_v1,Current v1 Pullback,live_buy_pullback,C,44,0.011298390633540555,0.003798107154405592,0.5909090909090909
baseline_current_v1,Current v1 Pullback,live_buy_pullback,UBER,44,0.0032209524649294374,-0.0008081783424614256,0.5454545454545454
baseline_current_v1,Current v1 Pullback,live_buy_pullback,T,43,-8.557261500360893e-05,-0.015219338168976512,0.5581395348837209
baseline_current_v1,Current v1 Pullback,live_buy_pullback,CVX,42,0.017411370532448428,0.017216875427263707,0.6666666666666666
baseline_current_v1,Current v1 Pullback,live_buy_pullback,SCHW,42,0.008709614914361856,0.007433012679967311,0.6428571428571429
baseline_current_v1,Current v1 Pullback,live_buy_pullback,RTX,41,0.014481121470896731,0.010268871478649078,0.7073170731707317
baseline_current_v1,Current v1 Pullback,live_buy_pullback,TMO,41,-0.01660091921891674,-0.022599449166461102,0.3902439024390244
baseline_current_v1,Current v1 Pullback,live_buy_pullback,FDX,40,0.024923750223801465,0.021631066676304676,0.575
baseline_current_v1,Current v1 Pullback,live_buy_pullback,GS,40,0.02126643128996652,0.015904422257089636,0.55
baseline_current_v1,Current v1 Pullback,live_buy_pullback,TSLA,40,0.023488352011875865,0.02861822650225192,0.525
baseline_current_v1,Current v1 Pullback,live_buy_pullback,CSCO,39,0.012956352076259932,0.011582814009206532,0.5641025641025641
baseline_current_v1,Current v1 Pullback,live_buy_pullback,CVS,39,-0.003676610566553833,-0.0017102832219813497,0.46153846153846156
baseline_current_v1,Current v1 Pullback,live_buy_pullback,NOW,39,-0.014098297114043435,-0.02147957414556425,0.46153846153846156
baseline_current_v1,Current v1 Pullback,live_buy_pullback,PFE,39,-0.00745429606430392,-0.0026750803342687045,0.358974358974359
baseline_current_v1,Current v1 Pullback,live_buy_pullback,BA,38,-0.03412417159201697,-0.02707947315496589,0.34210526315789475
baseline_current_v1,Current v1 Pullback,live_buy_pullback,BKNG,38,0.005315344362120666,0.0006620433975027248,0.6052631578947368
baseline_current_v1,Current v1 Pullback,live_buy_pullback,INTU,38,0.00491561036930097,0.008433616820859904,0.47368421052631576
baseline_current_v1,Current v1 Pullback,live_buy_pullback,TMUS,38,0.0018277233548284505,0.006826763197979892,0.5263157894736842
baseline_current_v1,Current v1 Pullback,live_buy_pullback,GILD,37,0.007035536578300724,0.007233974965180538,0.43243243243243246
baseline_current_v1,Current v1 Pullback,live_buy_pullback,MRK,37,0.012135164707569077,0.003916196438364542,0.6216216216216216
baseline_current_v1,Current v1 Pullback,live_buy_pullback,QCOM,37,-0.010709102416682778,-0.01225859192063498,0.43243243243243246
baseline_current_v1,Current v1 Pullback,live_buy_pullback,WFC,37,-0.01893314569159848,-0.019021270158285617,0.43243243243243246
baseline_current_v1,Current v1 Pullback,live_buy_pullback,CRM,36,0.016651529235483995,0.003682105476674256,0.5833333333333334
baseline_current_v1,Current v1 Pullback,live_buy_pullback,DE,36,0.009123720504950444,0.022408662814283373,0.4722222222222222
baseline_current_v1,Current v1 Pullback,live_buy_pullback,HD,36,0.00014293761296227392,-0.004849327267584269,0.4722222222222222
baseline_current_v1,Current v1 Pullback,live_buy_pullback,PLTR,36,0.060186268546334604,0.047124323941471494,0.6666666666666666
baseline_current_v1,Current v1 Pullback,live_buy_pullback,WMT,36,0.00610046953575763,0.005633915121890182,0.5277777777777778
baseline_current_v1,Current v1 Pullback,live_buy_pullback,AMD,35,0.01829380372782,0.008711544997156996,0.6
baseline_current_v1,Current v1 Pullback,live_buy_pullback,AMGN,35,-0.009148468693386194,0.002635796640695544,0.3142857142857143
baseline_current_v1,Current v1 Pullback,live_buy_pullback,COST,35,-0.01562011779542193,0.0003477238748783045,0.45714285714285713
baseline_current_v1,Current v1 Pullback,live_buy_pullback,GD,35,0.003978652188143458,-0.01050012004975333,0.5714285714285714
baseline_current_v1,Current v1 Pullback,live_buy_pullback,PM,35,0.01197227327079043,0.00199477143725645,0.5714285714285714
baseline_current_v1,Current v1 Pullback,live_buy_pullback,AAPL,34,0.0015768801594365518,0.006333089815232977,0.5294117647058824
baseline_current_v1,Current v1 Pullback,live_buy_pullback,AMT,34,-6.803301514280207e-05,-0.016338215202544207,0.47058823529411764
baseline_current_v1,Current v1 Pullback,live_buy_pullback,INTC,34,-0.015538830555627891,-0.01893996475552666,0.4117647058823529
baseline_current_v1,Current v1 Pullback,live_buy_pullback,JPM,34,-0.013722335551272702,-0.01685639036071656,0.35294117647058826
baseline_current_v1,Current v1 Pullback,live_buy_pullback,NEE,34,-0.002355081875505182,-0.013465394095709127,0.47058823529411764
baseline_current_v1,Current v1 Pullback,live_buy_pullback,EMR,33,-0.006525231531923485,-0.00941317794335107,0.48484848484848486
baseline_current_v1,Current v1 Pullback,live_buy_pullback,MA,33,-0.005196927061537474,0.005055934544503152,0.48484848484848486
baseline_current_v1,Current v1 Pullback,live_buy_pullback,MO,33,-0.005914927687925971,-0.01421837340385355,0.3939393939393939
baseline_current_v1,Current v1 Pullback,live_buy_pullback,USB,33,-0.023340259681430452,-0.03217607059367506,0.36363636363636365
baseline_current_v1,Current v1 Pullback,live_buy_pullback,ABBV,32,0.015852208901882953,0.004517562029452506,0.625
baseline_current_v1,Current v1 Pullback,live_buy_pullback,BMY,32,0.01906644704985398,0.019694113687965985,0.625
baseline_current_v1,Current v1 Pullback,live_buy_pullback,BRK-B,32,0.01295432191867587,0.006266184161010997,0.5625
baseline_current_v1,Current v1 Pullback,live_buy_pullback,KO,32,-0.005053507287561387,-0.011302963159316014,0.4375
baseline_current_v1,Current v1 Pullback,live_buy_pullback,LOW,31,0.004974962915779798,0.002812577749398202,0.6129032258064516
baseline_current_v1,Current v1 Pullback,live_buy_pullback,SBUX,31,-0.0015514260222308346,-0.008234720682240532,0.5161290322580645
baseline_current_v1,Current v1 Pullback,live_buy_pullback,BLK,30,0.008964761549355086,-0.005969282430523534,0.5333333333333333
baseline_current_v1,Current v1 Pullback,live_buy_pullback,MDLZ,29,-0.01222745369918552,-0.021726157490100064,0.3793103448275862
baseline_current_v1,Current v1 Pullback,live_buy_pullback,TXN,28,0.002081377920877231,8.486729914319868e-05,0.42857142857142855
baseline_current_v1,Current v1 Pullback,live_buy_pullback,UNH,28,-0.01110400218481183,-0.03692361969176394,0.4642857142857143
baseline_current_v1,Current v1 Pullback,live_buy_pullback,ADBE,27,-0.00033769496696318187,-0.011351658380392019,0.48148148148148145
baseline_current_v1,Current v1 Pullback,live_buy_pullback,LMT,27,0.007538305985590251,-0.000977814668249516,0.5925925925925926
baseline_current_v1,Current v1 Pullback,live_buy_pullback,SO,27,-0.007740139566471004,-0.019055994755178343,0.4074074074074074
baseline_current_v1,Current v1 Pullback,live_buy_pullback,CL,26,-0.01215054320115865,-0.035041005688638154,0.38461538461538464
baseline_current_v1,Current v1 Pullback,live_buy_pullback,JNJ,26,-0.009576610771571976,-0.013408137305909399,0.34615384615384615
baseline_current_v1,Current v1 Pullback,live_buy_pullback,DHR,25,-0.017650712825709444,-0.020308998403690603,0.28
baseline_current_v1,Current v1 Pullback,live_buy_pullback,GEV,25,0.0872526056808725,0.07040584545932299,0.64
baseline_current_v1,Current v1 Pullback,live_buy_pullback,LIN,24,0.00458900556048895,0.014785197708244624,0.4166666666666667
baseline_current_v1,Current v1 Pullback,live_buy_pullback,MCD,24,-0.003803649564076949,0.0070867373201027135,0.5416666666666666
baseline_current_v1,Current v1 Pullback,live_buy_pullback,MMM,24,-0.00667688263808718,-0.016941088514739546,0.375
baseline_current_v1,Current v1 Pullback,live_buy_pullback,UPS,24,0.029780614747326056,0.02852486632473406,0.6666666666666666
baseline_current_v1,Current v1 Pullback,live_buy_pullback,MSFT,23,0.009952059537441054,-0.0040782605531466684,0.5217391304347826
baseline_current_v1,Current v1 Pullback,live_buy_pullback,NKE,23,0.007732686023421504,-0.00830725795094531,0.4782608695652174
baseline_current_v1,Current v1 Pullback,live_buy_pullback,CMCSA,22,-0.004002684551994156,-0.007580822528133872,0.3181818181818182
baseline_current_v1,Current v1 Pullback,live_buy_pullback,DUK,22,-0.009817454822458292,-0.020863793568793376,0.4090909090909091
baseline_current_v1,Current v1 Pullback,live_buy_pullback,MDT,22,-0.03289275229146407,-0.04034989062033259,0.22727272727272727
baseline_current_v1,Current v1 Pullback,live_buy_pullback,PEP,22,-0.020130297946071917,-0.019088798404424068,0.36363636363636365
baseline_current_v1,Current v1 Pullback,live_buy_pullback,VZ,22,-0.007498017439628943,-0.03458565686390042,0.36363636363636365
baseline_current_v1,Current v1 Pullback,live_buy_pullback,ACN,21,-0.026505253397010185,-0.03207975579653433,0.3333333333333333
baseline_current_v1,Current v1 Pullback,live_buy_pullback,PG,21,-0.031116340225237134,-0.020644305034562545,0.23809523809523808
baseline_current_v1,Current v1 Pullback,live_buy_pullback,UNP,20,-0.013276820163822006,-0.016857864938579676,0.3
baseline_current_v1,Current v1 Pullback,live_buy_pullback,V,19,0.0055113946538090505,-0.0038516998150117956,0.5263157894736842
baseline_current_v1,Current v1 Pullback,live_buy_pullback,HON,18,-0.009251879244614581,0.0004146682354842008,0.4444444444444444
baseline_current_v1,Current v1 Pullback,live_buy_pullback,ABT,16,-0.020362486905881043,-0.026233781171671605,0.5
baseline_current_v1,Current v1 Pullback,live_buy_pullback,DIS,14,-0.014303264538689433,-0.016053822672293574,0.42857142857142855
deeper_controlled_confirmed,Deeper Controlled Confirmed Pullback,live_buy_pullback,AMAT,14,0.014973239024589207,0.010504712327771877,0.7142857142857143
deeper_controlled_confirmed,Deeper Controlled Confirmed Pullback,live_buy_pullback,AMD,11,0.04746670311085272,0.04727330612001142,0.5454545454545454
deeper_controlled_confirmed,Deeper Controlled Confirmed Pullback,live_buy_pullback,LRCX,11,0.017348451542450783,0.012052844659943414,0.5454545454545454
deeper_controlled_confirmed,Deeper Controlled Confirmed Pullback,live_buy_pullback,NVDA,11,-0.058150642780806665,-0.04465607190909499,0.2727272727272727
deeper_controlled_confirmed,Deeper Controlled Confirmed Pullback,live_buy_pullback,AVGO,9,0.04632172909225109,0.029748637703232786,0.8888888888888888
deeper_controlled_confirmed,Deeper Controlled Confirmed Pullback,live_buy_pullback,INTC,9,0.021207476329607733,0.003615521810260172,0.4444444444444444
deeper_controlled_confirmed,Deeper Controlled Confirmed Pullback,live_buy_pullback,MU,9,0.005233309237369754,-0.0016466457950582683,0.3333333333333333
deeper_controlled_confirmed,Deeper Controlled Confirmed Pullback,live_buy_pullback,GEV,7,0.01500172262040113,0.010109328719597466,0.5714285714285714
deeper_controlled_confirmed,Deeper Controlled Confirmed Pullback,live_buy_pullback,PLTR,7,0.013369973139043043,-0.0019136690723370955,0.5714285714285714
deeper_controlled_confirmed,Deeper Controlled Confirmed Pullback,live_buy_pullback,QCOM,6,-0.022044904470704767,-0.03556004800238619,0.3333333333333333
deeper_controlled_confirmed,Deeper Controlled Confirmed Pullback,live_buy_pullback,ADBE,4,-0.0028254288486043166,-0.007323763953246437,0.5
deeper_controlled_confirmed,Deeper Controlled Confirmed Pullback,live_buy_pullback,COF,4,-0.0361038485665936,-0.028859326193605567,0.25
deeper_controlled_confirmed,Deeper Controlled Confirmed Pullback,live_buy_pullback,ISRG,4,0.019926025596595953,0.011422631463723187,0.75
deeper_controlled_confirmed,Deeper Controlled Confirmed Pullback,live_buy_pullback,LLY,4,0.08595837222410929,0.06951264626083192,0.75
deeper_controlled_confirmed,Deeper Controlled Confirmed Pullback,live_buy_pullback,NOW,4,-0.003986848646464064,-0.004661368556990314,0.5
deeper_controlled_confirmed,Deeper Controlled Confirmed Pullback,live_buy_pullback,PFE,4,-0.023090467591678793,-0.0034988781274945258,0.25
deeper_controlled_confirmed,Deeper Controlled Confirmed Pullback,live_buy_pullback,TSLA,4,-0.04071009572386869,-0.02242963210568008,0.0
deeper_controlled_confirmed,Deeper Controlled Confirmed Pullback,live_buy_pullback,UBER,4,-0.035732957552977535,-0.05885302059947631,0.0
deeper_controlled_confirmed,Deeper Controlled Confirmed Pullback,live_buy_pullback,BLK,3,-0.060559973695612945,-0.011385425677638597,0.0
deeper_controlled_confirmed,Deeper Controlled Confirmed Pullback,live_buy_pullback,CAT,3,0.05307128764283461,0.024732109959758903,1.0
deeper_controlled_confirmed,Deeper Controlled Confirmed Pullback,live_buy_pullback,GM,3,-0.03675013181774134,-0.06445404106922888,0.0
deeper_controlled_confirmed,Deeper Controlled Confirmed Pullback,live_buy_pullback,IBM,3,0.06237795996108394,0.03931272777878814,1.0
deeper_controlled_confirmed,Deeper Controlled Confirmed Pullback,live_buy_pullback,BA,2,-0.04051141226523419,-0.0634973536456625,0.0
deeper_controlled_confirmed,Deeper Controlled Confirmed Pullback,live_buy_pullback,GE,2,0.023724212042188775,-0.004697555853945601,1.0
deeper_controlled_confirmed,Deeper Controlled Confirmed Pullback,live_buy_pullback,HON,2,0.00765750868280024,0.0009413959830901764,1.0
deeper_controlled_confirmed,Deeper Controlled Confirmed Pullback,live_buy_pullback,INTU,2,-0.05646349774251097,-0.07805339550475893,0.0
deeper_controlled_confirmed,Deeper Controlled Confirmed Pullback,live_buy_pullback,LMT,2,0.05645565503217986,0.06012999166570138,1.0
deeper_controlled_confirmed,Deeper Controlled Confirmed Pullback,live_buy_pullback,ORCL,2,0.02544444026757453,0.006043008771659086,1.0
deeper_controlled_confirmed,Deeper Controlled Confirmed Pullback,live_buy_pullback,UNH,2,0.033875237879890496,0.023208895101926974,0.5
deeper_controlled_confirmed,Deeper Controlled Confirmed Pullback,live_buy_pullback,USB,2,-0.02241826173743533,-0.061832836874406105,0.5
deeper_controlled_confirmed,Deeper Controlled Confirmed Pullback,live_buy_pullback,AMZN,1,0.11588764452300926,0.0835701154136943,1.0
deeper_controlled_confirmed,Deeper Controlled Confirmed Pullback,live_buy_pullback,CRM,1,0.10040115185907283,0.10915031186656687,1.0
deeper_controlled_confirmed,Deeper Controlled Confirmed Pullback,live_buy_pullback,DHR,1,0.03969571624082491,0.07896445632847515,1.0
deeper_controlled_confirmed,Deeper Controlled Confirmed Pullback,live_buy_pullback,FDX,1,-0.028078432187035318,-0.008461544557394673,0.0
deeper_controlled_confirmed,Deeper Controlled Confirmed Pullback,live_buy_pullback,GD,1,0.05129651990512163,0.044435144970522256,1.0
deeper_controlled_confirmed,Deeper Controlled Confirmed Pullback,live_buy_pullback,GILD,1,-0.039627528714984206,0.006134616017095973,0.0
deeper_controlled_confirmed,Deeper Controlled Confirmed Pullback,live_buy_pullback,MDT,1,0.004405675377102014,-0.010335564427244481,1.0
deeper_controlled_confirmed,Deeper Controlled Confirmed Pullback,live_buy_pullback,MMM,1,0.008628480246320569,-0.024727467666749492,1.0
deeper_controlled_confirmed,Deeper Controlled Confirmed Pullback,live_buy_pullback,MRK,1,-0.1271126009507777,-0.1047955562279197,0.0
deeper_controlled_confirmed,Deeper Controlled Confirmed Pullback,live_buy_pullback,MSFT,1,-0.021503747080750424,-0.04786987268004861,0.0
deeper_controlled_confirmed,Deeper Controlled Confirmed Pullback,live_buy_pullback,NKE,1,0.02373397532400978,0.008437160058199389,1.0
deeper_controlled_confirmed,Deeper Controlled Confirmed Pullback,live_buy_pullback,SBUX,1,0.035633064554113414,0.0009838851415553407,1.0
deeper_controlled_confirmed,Deeper Controlled Confirmed Pullback,live_buy_pullback,SCHW,1,-0.04981362886302798,-0.09085543838045784,0.0
deeper_controlled_confirmed,Deeper Controlled Confirmed Pullback,live_buy_pullback,TMO,1,-0.08369635940071973,-0.05539934149482584,0.0
deeper_controlled_confirmed,Deeper Controlled Confirmed Pullback,live_buy_pullback,TXN,1,-0.001034645344463181,-0.03343494558211657,0.0
deeper_controlled_confirmed,Deeper Controlled Confirmed Pullback,live_buy_pullback,UPS,1,-0.036335406532157166,-0.061243954982021065,0.0
deeper_controlled_confirmed,Deeper Controlled Confirmed Pullback,live_buy_pullback,WFC,1,-0.0177935322447923,-0.0073930672341417925,0.0
mid_depth_low_extension,Mid-Depth Low-Extension Pullback,live_buy_pullback,AMAT,23,0.024844911846565402,0.022939865107941982,0.5652173913043478
mid_depth_low_extension,Mid-Depth Low-Extension Pullback,live_buy_pullback,LRCX,20,0.030007198958478854,0.018995936936239133,0.65
mid_depth_low_extension,Mid-Depth Low-Extension Pullback,live_buy_pullback,NOW,20,0.023300237695708485,0.015450000422605987,0.65
mid_depth_low_extension,Mid-Depth Low-Extension Pullback,live_buy_pullback,AVGO,18,0.06583670250695325,0.04475432692052675,0.8333333333333334
mid_depth_low_extension,Mid-Depth Low-Extension Pullback,live_buy_pullback,CAT,17,0.02886554506203845,0.02851885917320832,0.5882352941176471
mid_depth_low_extension,Mid-Depth Low-Extension Pullback,live_buy_pullback,AMZN,16,-0.02526926886760219,-0.0251392757277156,0.4375
mid_depth_low_extension,Mid-Depth Low-Extension Pullback,live_buy_pullback,QCOM,16,-0.03474234821781284,-0.02534710523712596,0.25
mid_depth_low_extension,Mid-Depth Low-Extension Pullback,live_buy_pullback,UBER,16,0.0405083980066689,0.020359370574493843,0.625
mid_depth_low_extension,Mid-Depth Low-Extension Pullback,live_buy_pullback,ORCL,15,-0.004596756509653144,-0.0009041655952375456,0.5333333333333333
mid_depth_low_extension,Mid-Depth Low-Extension Pullback,live_buy_pullback,CRM,14,-0.015348077681526835,-0.005931815545326339,0.42857142857142855
mid_depth_low_extension,Mid-Depth Low-Extension Pullback,live_buy_pullback,NVDA,14,0.05162508758102418,0.04542934960182781,0.6428571428571429
mid_depth_low_extension,Mid-Depth Low-Extension Pullback,live_buy_pullback,C,13,-0.0012111457385439643,-0.0033066327533463912,0.5384615384615384
mid_depth_low_extension,Mid-Depth Low-Extension Pullback,live_buy_pullback,GE,13,0.0033540834443780165,-0.00021069926533085354,0.46153846153846156
mid_depth_low_extension,Mid-Depth Low-Extension Pullback,live_buy_pullback,GS,13,0.043317618812330566,0.04352514977056357,0.6153846153846154
mid_depth_low_extension,Mid-Depth Low-Extension Pullback,live_buy_pullback,MS,13,-0.016685394395826742,-0.015026239762093444,0.5384615384615384
mid_depth_low_extension,Mid-Depth Low-Extension Pullback,live_buy_pullback,MU,13,0.033562926065520186,0.013769384759824673,0.5384615384615384
mid_depth_low_extension,Mid-Depth Low-Extension Pullback,live_buy_pullback,COF,12,-0.035112452420731015,-0.020518406766555187,0.4166666666666667
mid_depth_low_extension,Mid-Depth Low-Extension Pullback,live_buy_pullback,LLY,10,0.005917419333044282,0.01153346728251472,0.6
mid_depth_low_extension,Mid-Depth Low-Extension Pullback,live_buy_pullback,SCHW,10,0.009058971408629901,0.006625876185491764,0.6
mid_depth_low_extension,Mid-Depth Low-Extension Pullback,live_buy_pullback,USB,10,0.01102794783829869,-0.0075965807058721805,0.6
mid_depth_low_extension,Mid-Depth Low-Extension Pullback,live_buy_pullback,WFC,10,-0.04198427509052285,-0.03659007089103326,0.1
mid_depth_low_extension,Mid-Depth Low-Extension Pullback,live_buy_pullback,AMD,9,0.08131967408918611,0.0644822133751029,0.6666666666666666
mid_depth_low_extension,Mid-Depth Low-Extension Pullback,live_buy_pullback,DE,9,0.024970290557072252,0.023963408566186704,0.6666666666666666
mid_depth_low_extension,Mid-Depth Low-Extension Pullback,live_buy_pullback,ISRG,9,-0.036112892690480965,-0.02201258783343856,0.4444444444444444
mid_depth_low_extension,Mid-Depth Low-Extension Pullback,live_buy_pullback,BNY,8,0.01615558760595462,0.013748370827873654,0.75
mid_depth_low_extension,Mid-Depth Low-Extension Pullback,live_buy_pullback,CVS,8,0.007447972094534794,0.013182341294644892,0.25
mid_depth_low_extension,Mid-Depth Low-Extension Pullback,live_buy_pullback,FDX,8,0.04264458753228782,0.04270769555508418,0.625
mid_depth_low_extension,Mid-Depth Low-Extension Pullback,live_buy_pullback,GM,8,-0.053012541488281356,-0.06401300839551105,0.25
mid_depth_low_extension,Mid-Depth Low-Extension Pullback,live_buy_pullback,INTC,8,0.014334088640060375,0.002559196843927969,0.25
mid_depth_low_extension,Mid-Depth Low-Extension Pullback,live_buy_pullback,INTU,8,0.02385537252320205,0.02457534643939399,0.75
mid_depth_low_extension,Mid-Depth Low-Extension Pullback,live_buy_pullback,PFE,8,-0.0020254326954275564,0.007350713127456485,0.375
mid_depth_low_extension,Mid-Depth Low-Extension Pullback,live_buy_pullback,TMO,8,-0.019586957120678955,-0.004170673224323587,0.5
mid_depth_low_extension,Mid-Depth Low-Extension Pullback,live_buy_pullback,TSLA,8,0.047900883511661885,0.04417574662701883,0.375
mid_depth_low_extension,Mid-Depth Low-Extension Pullback,live_buy_pullback,TXN,8,-0.005013981567785097,-0.01231641602760232,0.25
mid_depth_low_extension,Mid-Depth Low-Extension Pullback,live_buy_pullback,ADBE,7,0.028640584342050142,0.019302801774744954,0.2857142857142857
mid_depth_low_extension,Mid-Depth Low-Extension Pullback,live_buy_pullback,AMGN,7,0.0016560644697564924,0.007293527175327116,0.5714285714285714
mid_depth_low_extension,Mid-Depth Low-Extension Pullback,live_buy_pullback,BA,7,0.00040730100429621697,-0.01286433428743142,0.42857142857142855
mid_depth_low_extension,Mid-Depth Low-Extension Pullback,live_buy_pullback,IBM,7,0.041355353476146904,0.03019443938092476,0.7142857142857143
mid_depth_low_extension,Mid-Depth Low-Extension Pullback,live_buy_pullback,MMM,7,-0.002137040284651543,-0.0025710086162029472,0.5714285714285714
mid_depth_low_extension,Mid-Depth Low-Extension Pullback,live_buy_pullback,MRK,7,0.047907896673506,0.04484656715370456,0.8571428571428571
mid_depth_low_extension,Mid-Depth Low-Extension Pullback,live_buy_pullback,AAPL,6,0.033533614993089746,0.0188651357210185,0.8333333333333334
mid_depth_low_extension,Mid-Depth Low-Extension Pullback,live_buy_pullback,ACN,6,-0.11081480743017379,-0.0759337161694079,0.16666666666666666
mid_depth_low_extension,Mid-Depth Low-Extension Pullback,live_buy_pullback,BAC,6,-0.026957776364438413,-0.02140659218708313,0.5
mid_depth_low_extension,Mid-Depth Low-Extension Pullback,live_buy_pullback,JPM,6,0.010476631152909902,0.005639448770373793,0.6666666666666666
mid_depth_low_extension,Mid-Depth Low-Extension Pullback,live_buy_pullback,MA,6,-0.004223950707812211,-0.020719338973469097,0.5
mid_depth_low_extension,Mid-Depth Low-Extension Pullback,live_buy_pullback,UNH,6,-0.03916332998369435,-0.05074990013091052,0.16666666666666666
mid_depth_low_extension,Mid-Depth Low-Extension Pullback,live_buy_pullback,CSCO,5,0.027692050315349583,0.029632411218835687,0.8
mid_depth_low_extension,Mid-Depth Low-Extension Pullback,live_buy_pullback,GEV,5,0.04452536773158271,0.041978644681423226,0.6
mid_depth_low_extension,Mid-Depth Low-Extension Pullback,live_buy_pullback,MSFT,5,0.003971077597928185,-0.0012216185290651494,0.4
mid_depth_low_extension,Mid-Depth Low-Extension Pullback,live_buy_pullback,RTX,5,0.04197125747279249,0.04999160605941037,1.0
mid_depth_low_extension,Mid-Depth Low-Extension Pullback,live_buy_pullback,SBUX,5,-0.0029219514373238333,-0.022527751946775587,0.4
mid_depth_low_extension,Mid-Depth Low-Extension Pullback,live_buy_pullback,AXP,4,0.029618814291897583,0.005467891938754993,0.75
mid_depth_low_extension,Mid-Depth Low-Extension Pullback,live_buy_pullback,BLK,4,0.005356226709010203,0.0007531383250712897,0.75
mid_depth_low_extension,Mid-Depth Low-Extension Pullback,live_buy_pullback,COP,4,0.020029616906853898,0.017450308768045847,0.5
mid_depth_low_extension,Mid-Depth Low-Extension Pullback,live_buy_pullback,GD,4,0.001293283577209814,0.005641524198951614,0.5
mid_depth_low_extension,Mid-Depth Low-Extension Pullback,live_buy_pullback,GILD,4,0.04811367172094605,0.07074077651073271,0.5
mid_depth_low_extension,Mid-Depth Low-Extension Pullback,live_buy_pullback,LOW,4,-0.019187286684677007,-0.004816229570296315,0.25
mid_depth_low_extension,Mid-Depth Low-Extension Pullback,live_buy_pullback,MDT,4,-0.03171663853004,-0.018260371806147563,0.25
mid_depth_low_extension,Mid-Depth Low-Extension Pullback,live_buy_pullback,NKE,4,-0.007381298658656915,-0.0186467309252564,0.25
mid_depth_low_extension,Mid-Depth Low-Extension Pullback,live_buy_pullback,PLTR,4,0.192908154365247,0.1708372082439399,1.0
mid_depth_low_extension,Mid-Depth Low-Extension Pullback,live_buy_pullback,BKNG,3,-0.012942231484404506,-0.01722506232801931,0.3333333333333333
mid_depth_low_extension,Mid-Depth Low-Extension Pullback,live_buy_pullback,EMR,3,-0.007786555183033468,-0.007075402719699864,0.3333333333333333
mid_depth_low_extension,Mid-Depth Low-Extension Pullback,live_buy_pullback,HON,3,0.03500887179441444,0.05169421927401422,0.6666666666666666
mid_depth_low_extension,Mid-Depth Low-Extension Pullback,live_buy_pullback,UNP,3,-0.04312513618269501,-0.0037598188240665817,0.0
mid_depth_low_extension,Mid-Depth Low-Extension Pullback,live_buy_pullback,UPS,3,-0.033664494501165966,-0.015415589643399988,0.3333333333333333
mid_depth_low_extension,Mid-Depth Low-Extension Pullback,live_buy_pullback,BMY,2,0.020103658479814157,0.03713854971283276,0.5
mid_depth_low_extension,Mid-Depth Low-Extension Pullback,live_buy_pullback,CVX,2,0.03237625251752452,0.058393201961467744,1.0
mid_depth_low_extension,Mid-Depth Low-Extension Pullback,live_buy_pullback,DHR,2,-0.03751625237113204,-0.015948562874470162,0.5
mid_depth_low_extension,Mid-Depth Low-Extension Pullback,live_buy_pullback,HD,2,0.07189584933073867,0.024671200731104515,1.0
mid_depth_low_extension,Mid-Depth Low-Extension Pullback,live_buy_pullback,JNJ,2,0.016656841763058927,0.00909901278846964,1.0
mid_depth_low_extension,Mid-Depth Low-Extension Pullback,live_buy_pullback,LMT,2,0.011156718540578592,0.05029615881988886,0.5
mid_depth_low_extension,Mid-Depth Low-Extension Pullback,live_buy_pullback,XOM,2,0.04616275550102722,0.04106727405093469,0.5
mid_depth_low_extension,Mid-Depth Low-Extension Pullback,live_buy_pullback,ABBV,1,-0.009383568526870278,-0.029678092402476097,0.0
mid_depth_low_extension,Mid-Depth Low-Extension Pullback,live_buy_pullback,BRK-B,1,0.0069697637083749875,-0.010350239889223234,1.0
risk_on_confirmed_controlled,Risk-On + Confirmed Controlled Pullback,live_buy_pullback,AMAT,28,0.014567928185281956,0.013730892708979345,0.5357142857142857
risk_on_confirmed_controlled,Risk-On + Confirmed Controlled Pullback,live_buy_pullback,LRCX,26,0.038492961676798644,0.0267110790150609,0.6538461538461539
risk_on_confirmed_controlled,Risk-On + Confirmed Controlled Pullback,live_buy_pullback,NVDA,26,0.005093237935054016,0.007469140446309291,0.5
risk_on_confirmed_controlled,Risk-On + Confirmed Controlled Pullback,live_buy_pullback,AVGO,23,0.05449000523332894,0.03940819678200589,0.8260869565217391
risk_on_confirmed_controlled,Risk-On + Confirmed Controlled Pullback,live_buy_pullback,NOW,20,0.019259167032414204,0.012918856934810069,0.6
risk_on_confirmed_controlled,Risk-On + Confirmed Controlled Pullback,live_buy_pullback,AMD,17,0.033514957728346194,0.02806496244731774,0.5294117647058824
risk_on_confirmed_controlled,Risk-On + Confirmed Controlled Pullback,live_buy_pullback,MU,17,0.03018663369678595,0.018472139856324076,0.47058823529411764
risk_on_confirmed_controlled,Risk-On + Confirmed Controlled Pullback,live_buy_pullback,CAT,16,0.03638569440167254,0.031105730095581395,0.6875
risk_on_confirmed_controlled,Risk-On + Confirmed Controlled Pullback,live_buy_pullback,QCOM,16,-0.0340671662268343,-0.02866724441567027,0.25
risk_on_confirmed_controlled,Risk-On + Confirmed Controlled Pullback,live_buy_pullback,AMZN,15,-0.022659512112257776,-0.02547114955526976,0.4666666666666667
risk_on_confirmed_controlled,Risk-On + Confirmed Controlled Pullback,live_buy_pullback,CRM,15,-0.00763146237882019,0.0017403262821332089,0.4666666666666667
risk_on_confirmed_controlled,Risk-On + Confirmed Controlled Pullback,live_buy_pullback,INTC,14,0.025948039061481236,0.01067746878670597,0.35714285714285715
risk_on_confirmed_controlled,Risk-On + Confirmed Controlled Pullback,live_buy_pullback,ORCL,14,-0.019892615182919366,-0.014552365559110048,0.5
risk_on_confirmed_controlled,Risk-On + Confirmed Controlled Pullback,live_buy_pullback,C,13,-0.0009478294772918667,-0.0015126509863962595,0.5384615384615384
risk_on_confirmed_controlled,Risk-On + Confirmed Controlled Pullback,live_buy_pullback,UBER,13,0.03337339785371003,0.013891587439083518,0.5384615384615384
risk_on_confirmed_controlled,Risk-On + Confirmed Controlled Pullback,live_buy_pullback,COF,12,-0.020610123427380223,-0.012954456432950364,0.4166666666666667
risk_on_confirmed_controlled,Risk-On + Confirmed Controlled Pullback,live_buy_pullback,MS,12,-0.021029228686584134,-0.02141639546826188,0.5
risk_on_confirmed_controlled,Risk-On + Confirmed Controlled Pullback,live_buy_pullback,GM,11,-0.02244219654795764,-0.03784527601992072,0.36363636363636365
risk_on_confirmed_controlled,Risk-On + Confirmed Controlled Pullback,live_buy_pullback,TSLA,11,0.025610824774456045,0.02922527997299146,0.2727272727272727
risk_on_confirmed_controlled,Risk-On + Confirmed Controlled Pullback,live_buy_pullback,BA,10,-0.02090312570684886,-0.037631316840629606,0.3
risk_on_confirmed_controlled,Risk-On + Confirmed Controlled Pullback,live_buy_pullback,PLTR,10,0.07392518135758162,0.05696714190175748,0.7
risk_on_confirmed_controlled,Risk-On + Confirmed Controlled Pullback,live_buy_pullback,USB,10,-0.0014058972125627345,-0.012807240809489884,0.4
risk_on_confirmed_controlled,Risk-On + Confirmed Controlled Pullback,live_buy_pullback,ADBE,9,-0.0061057190882569425,-0.004813424514564297,0.2222222222222222
risk_on_confirmed_controlled,Risk-On + Confirmed Controlled Pullback,live_buy_pullback,GE,9,-0.00609506692458433,-0.013510659206512128,0.5555555555555556
risk_on_confirmed_controlled,Risk-On + Confirmed Controlled Pullback,live_buy_pullback,GS,9,0.05344500674478092,0.03758869362759746,0.7777777777777778
risk_on_confirmed_controlled,Risk-On + Confirmed Controlled Pullback,live_buy_pullback,INTU,9,0.03161421988985332,0.02811266026990748,0.7777777777777778
risk_on_confirmed_controlled,Risk-On + Confirmed Controlled Pullback,live_buy_pullback,DE,8,0.020104533247018955,0.019207540631802314,0.75
risk_on_confirmed_controlled,Risk-On + Confirmed Controlled Pullback,live_buy_pullback,LLY,8,0.01772636278873757,0.026160761829170362,0.625
risk_on_confirmed_controlled,Risk-On + Confirmed Controlled Pullback,live_buy_pullback,SCHW,8,0.015623400041124433,0.005340569558084332,0.625
risk_on_confirmed_controlled,Risk-On + Confirmed Controlled Pullback,live_buy_pullback,WFC,8,-0.047289525548196154,-0.036011417267023546,0.0
risk_on_confirmed_controlled,Risk-On + Confirmed Controlled Pullback,live_buy_pullback,BLK,7,-0.007374160824311479,-0.004279865744070037,0.42857142857142855
risk_on_confirmed_controlled,Risk-On + Confirmed Controlled Pullback,live_buy_pullback,MRK,7,0.04044370686473301,0.034860529414360894,0.8571428571428571
risk_on_confirmed_controlled,Risk-On + Confirmed Controlled Pullback,live_buy_pullback,PFE,7,-0.018013950435322994,-0.017929813293895376,0.2857142857142857
risk_on_confirmed_controlled,Risk-On + Confirmed Controlled Pullback,live_buy_pullback,TMO,7,-0.033883817338451805,-0.00969280055448772,0.42857142857142855
risk_on_confirmed_controlled,Risk-On + Confirmed Controlled Pullback,live_buy_pullback,TXN,7,-0.003799559156585919,-0.009019101378902208,0.2857142857142857
risk_on_confirmed_controlled,Risk-On + Confirmed Controlled Pullback,live_buy_pullback,ACN,6,-0.11081480743017379,-0.0759337161694079,0.16666666666666666
risk_on_confirmed_controlled,Risk-On + Confirmed Controlled Pullback,live_buy_pullback,CVS,6,0.020494530206177308,0.029619057479147632,0.3333333333333333
risk_on_confirmed_controlled,Risk-On + Confirmed Controlled Pullback,live_buy_pullback,FDX,6,0.06616695757469167,0.06110077940401639,0.8333333333333334
risk_on_confirmed_controlled,Risk-On + Confirmed Controlled Pullback,live_buy_pullback,ISRG,6,-0.018032928791238672,-0.0008176298147514564,0.6666666666666666
risk_on_confirmed_controlled,Risk-On + Confirmed Controlled Pullback,live_buy_pullback,MMM,6,0.0047620052425240145,0.02109805795016419,0.6666666666666666
risk_on_confirmed_controlled,Risk-On + Confirmed Controlled Pullback,live_buy_pullback,AAPL,5,0.037303759917278786,0.02313958051361358,0.8
risk_on_confirmed_controlled,Risk-On + Confirmed Controlled Pullback,live_buy_pullback,AMGN,5,-0.01180228589234047,-0.0005503293690440226,0.4
risk_on_confirmed_controlled,Risk-On + Confirmed Controlled Pullback,live_buy_pullback,AXP,5,0.05051836815107909,0.025327000212064087,0.8
risk_on_confirmed_controlled,Risk-On + Confirmed Controlled Pullback,live_buy_pullback,BAC,5,-0.024552403507046794,-0.027443634706372434,0.4
risk_on_confirmed_controlled,Risk-On + Confirmed Controlled Pullback,live_buy_pullback,BNY,5,0.015700636946844516,0.012594355828966775,0.8
risk_on_confirmed_controlled,Risk-On + Confirmed Controlled Pullback,live_buy_pullback,GEV,5,0.04928106707228765,0.035176921002626635,0.6
risk_on_confirmed_controlled,Risk-On + Confirmed Controlled Pullback,live_buy_pullback,IBM,5,0.023262133286223664,0.016593511887621683,0.6
risk_on_confirmed_controlled,Risk-On + Confirmed Controlled Pullback,live_buy_pullback,MSFT,5,0.003971077597928185,-0.0012216185290651494,0.4
risk_on_confirmed_controlled,Risk-On + Confirmed Controlled Pullback,live_buy_pullback,NKE,5,-0.0011582438621235759,-0.013229952728565243,0.4
risk_on_confirmed_controlled,Risk-On + Confirmed Controlled Pullback,live_buy_pullback,UNH,5,-0.016867634806199017,-0.029420683199302845,0.4
risk_on_confirmed_controlled,Risk-On + Confirmed Controlled Pullback,live_buy_pullback,GD,4,0.0033563311836539433,0.01176499627681818,0.5
risk_on_confirmed_controlled,Risk-On + Confirmed Controlled Pullback,live_buy_pullback,JPM,4,0.01165173222383678,0.0066748974214037304,0.75
risk_on_confirmed_controlled,Risk-On + Confirmed Controlled Pullback,live_buy_pullback,LOW,4,-0.019187286684677007,-0.004816229570296315,0.25
risk_on_confirmed_controlled,Risk-On + Confirmed Controlled Pullback,live_buy_pullback,MA,4,-0.016323590174812802,-0.019398739965256456,0.25
risk_on_confirmed_controlled,Risk-On + Confirmed Controlled Pullback,live_buy_pullback,UPS,4,0.034021033499714776,0.0324418766124841,0.5
risk_on_confirmed_controlled,Risk-On + Confirmed Controlled Pullback,live_buy_pullback,COP,3,0.012014916551340127,0.010315230563504843,0.3333333333333333
risk_on_confirmed_controlled,Risk-On + Confirmed Controlled Pullback,live_buy_pullback,CSCO,3,0.002125085625652131,0.028711125468416292,0.6666666666666666
risk_on_confirmed_controlled,Risk-On + Confirmed Controlled Pullback,live_buy_pullback,DHR,3,-0.011778929500479726,0.015689110193178275,0.6666666666666666
risk_on_confirmed_controlled,Risk-On + Confirmed Controlled Pullback,live_buy_pullback,HON,3,0.0342618881947474,0.04156240154720211,0.6666666666666666
risk_on_confirmed_controlled,Risk-On + Confirmed Controlled Pullback,live_buy_pullback,LMT,3,0.037476283371643104,0.06368366242664725,0.6666666666666666
risk_on_confirmed_controlled,Risk-On + Confirmed Controlled Pullback,live_buy_pullback,MDT,3,0.01551282575136829,0.014052306645441734,0.6666666666666666
risk_on_confirmed_controlled,Risk-On + Confirmed Controlled Pullback,live_buy_pullback,RTX,3,0.03820908403507802,0.049412651578928414,1.0
risk_on_confirmed_controlled,Risk-On + Confirmed Controlled Pullback,live_buy_pullback,SBUX,3,-0.037059467281329105,-0.05597533842012059,0.0
risk_on_confirmed_controlled,Risk-On + Confirmed Controlled Pullback,live_buy_pullback,BKNG,2,0.0046618182272255,-0.01422651891122545,0.5
risk_on_confirmed_controlled,Risk-On + Confirmed Controlled Pullback,live_buy_pullback,BMY,2,0.018242124745183164,0.02697409457955896,0.5
risk_on_confirmed_controlled,Risk-On + Confirmed Controlled Pullback,live_buy_pullback,CVX,2,0.03237625251752452,0.058393201961467744,1.0
risk_on_confirmed_controlled,Risk-On + Confirmed Controlled Pullback,live_buy_pullback,EMR,2,-0.006746476280308722,-0.012601981540745044,0.5
risk_on_confirmed_controlled,Risk-On + Confirmed Controlled Pullback,live_buy_pullback,GILD,2,0.12896616598795207,0.16422783420609088,1.0
risk_on_confirmed_controlled,Risk-On + Confirmed Controlled Pullback,live_buy_pullback,UNP,2,-0.027683244120548345,0.03479541938469399,0.0
risk_on_confirmed_controlled,Risk-On + Confirmed Controlled Pullback,live_buy_pullback,ABBV,1,-0.009383568526870278,-0.029678092402476097,0.0
risk_on_confirmed_controlled,Risk-On + Confirmed Controlled Pullback,live_buy_pullback,BRK-B,1,0.0069697637083749875,-0.010350239889223234,1.0
risk_on_confirmed_controlled,Risk-On + Confirmed Controlled Pullback,live_buy_pullback,HD,1,0.08982638845994306,0.025967459660090286,1.0
risk_on_confirmed_controlled,Risk-On + Confirmed Controlled Pullback,live_buy_pullback,JNJ,1,0.004217757230183139,-0.018558593762418862,1.0
risk_on_confirmed_controlled,Risk-On + Confirmed Controlled Pullback,live_buy_pullback,XOM,1,-0.04422961797410174,-0.04920240628256045,0.0
shallow_confirmed_reset,Shallow Confirmed Reset,live_buy_pullback,MS,57,0.00887500198616268,0.0012478968970290123,0.5614035087719298
shallow_confirmed_reset,Shallow Confirmed Reset,live_buy_pullback,BNY,53,0.019342709068372124,0.007746901037413347,0.7547169811320755
shallow_confirmed_reset,Shallow Confirmed Reset,live_buy_pullback,BAC,52,-0.001805431556575376,-0.01165295481030269,0.5384615384615384
shallow_confirmed_reset,Shallow Confirmed Reset,live_buy_pullback,C,51,0.005385010902949956,-0.0012121397042823927,0.45098039215686275
shallow_confirmed_reset,Shallow Confirmed Reset,live_buy_pullback,LRCX,51,0.03518782736763865,0.025430783487740624,0.6470588235294118
shallow_confirmed_reset,Shallow Confirmed Reset,live_buy_pullback,CAT,50,0.030379566447797587,0.02199847506483247,0.6
shallow_confirmed_reset,Shallow Confirmed Reset,live_buy_pullback,AXP,49,0.004369622743466002,-0.007981637327898992,0.5714285714285714
shallow_confirmed_reset,Shallow Confirmed Reset,live_buy_pullback,ORCL,49,0.018662510063665066,0.006707228738427999,0.5306122448979592
shallow_confirmed_reset,Shallow Confirmed Reset,live_buy_pullback,AVGO,48,0.020319756696328458,0.009104511870829167,0.6041666666666666
shallow_confirmed_reset,Shallow Confirmed Reset,live_buy_pullback,JPM,48,-0.012710332379057032,-0.020189838928963023,0.4375
shallow_confirmed_reset,Shallow Confirmed Reset,live_buy_pullback,GE,47,0.014874098086897342,0.013764026109792236,0.574468085106383
shallow_confirmed_reset,Shallow Confirmed Reset,live_buy_pullback,GS,47,0.008467048522998368,0.0027326465658079895,0.5531914893617021
shallow_confirmed_reset,Shallow Confirmed Reset,live_buy_pullback,MSFT,47,0.0030033063497350494,-0.006574249254868076,0.5957446808510638
shallow_confirmed_reset,Shallow Confirmed Reset,live_buy_pullback,ACN,44,-0.02238978605386257,-0.022187777362218327,0.4772727272727273
shallow_confirmed_reset,Shallow Confirmed Reset,live_buy_pullback,AMZN,43,-0.014886531802877875,-0.0208716918146833,0.4186046511627907
shallow_confirmed_reset,Shallow Confirmed Reset,live_buy_pullback,NOW,43,0.009042131571746116,0.001984314940279704,0.6046511627906976
shallow_confirmed_reset,Shallow Confirmed Reset,live_buy_pullback,WFC,42,-0.0038868486177233495,-0.009343975841371668,0.5714285714285714
shallow_confirmed_reset,Shallow Confirmed Reset,live_buy_pullback,AAPL,41,0.020666848541224126,0.014622452088422673,0.6341463414634146
shallow_confirmed_reset,Shallow Confirmed Reset,live_buy_pullback,COF,40,-0.009243455128541498,-0.01661533193153085,0.425
shallow_confirmed_reset,Shallow Confirmed Reset,live_buy_pullback,CRM,40,0.013024311543073635,0.0033116034914961153,0.575
shallow_confirmed_reset,Shallow Confirmed Reset,live_buy_pullback,ISRG,40,0.017242027186792946,0.010944793878586902,0.7
shallow_confirmed_reset,Shallow Confirmed Reset,live_buy_pullback,GM,39,0.0014862587076102279,-0.012887908811822432,0.46153846153846156
shallow_confirmed_reset,Shallow Confirmed Reset,live_buy_pullback,LLY,39,0.03273670053356154,0.026310877137773046,0.6410256410256411
shallow_confirmed_reset,Shallow Confirmed Reset,live_buy_pullback,TMO,39,-0.006187789907949528,-0.006905128495948937,0.5641025641025641
shallow_confirmed_reset,Shallow Confirmed Reset,live_buy_pullback,CSCO,38,0.010235099902606588,0.008793576372462671,0.5789473684210527
shallow_confirmed_reset,Shallow Confirmed Reset,live_buy_pullback,RTX,37,0.017911888499205577,0.017986378569683294,0.7297297297297297
shallow_confirmed_reset,Shallow Confirmed Reset,live_buy_pullback,IBM,36,0.006510945270495499,0.003585303304408168,0.5
shallow_confirmed_reset,Shallow Confirmed Reset,live_buy_pullback,SCHW,36,0.009658853962144708,0.009149108563357896,0.5277777777777778
shallow_confirmed_reset,Shallow Confirmed Reset,live_buy_pullback,AMAT,35,0.014249762910015812,0.011075669641808892,0.5714285714285714
shallow_confirmed_reset,Shallow Confirmed Reset,live_buy_pullback,EMR,35,0.005067469770280966,4.9037864222171e-05,0.5142857142857142
shallow_confirmed_reset,Shallow Confirmed Reset,live_buy_pullback,INTU,35,0.017205894051080924,0.011013685528859212,0.6285714285714286
shallow_confirmed_reset,Shallow Confirmed Reset,live_buy_pullback,FDX,34,0.021536810225501465,0.026444515329354972,0.5294117647058824
shallow_confirmed_reset,Shallow Confirmed Reset,live_buy_pullback,USB,34,0.002091680068407741,-0.013950200918436932,0.47058823529411764
shallow_confirmed_reset,Shallow Confirmed Reset,live_buy_pullback,BLK,33,0.0014928250980204107,-0.007574396261787145,0.45454545454545453
shallow_confirmed_reset,Shallow Confirmed Reset,live_buy_pullback,LOW,33,0.010547329507889745,0.005312199368350341,0.5757575757575758
shallow_confirmed_reset,Shallow Confirmed Reset,live_buy_pullback,MRK,32,0.02992569941077422,0.026898405957640682,0.78125
shallow_confirmed_reset,Shallow Confirmed Reset,live_buy_pullback,QCOM,32,-0.018952412178392625,-0.018068641780368284,0.34375
shallow_confirmed_reset,Shallow Confirmed Reset,live_buy_pullback,NVDA,31,0.06114126746883568,0.052417445391553005,0.6129032258064516
shallow_confirmed_reset,Shallow Confirmed Reset,live_buy_pullback,UBER,30,0.019509261153137534,0.0037094177379631056,0.6
shallow_confirmed_reset,Shallow Confirmed Reset,live_buy_pullback,BKNG,28,0.022316528289586548,0.013227673503450662,0.6428571428571429
shallow_confirmed_reset,Shallow Confirmed Reset,live_buy_pullback,DHR,28,-0.011527932797647886,-0.006636942650340094,0.35714285714285715
shallow_confirmed_reset,Shallow Confirmed Reset,live_buy_pullback,ADBE,27,0.0015947784800519368,-0.0066533389620264055,0.48148148148148145
shallow_confirmed_reset,Shallow Confirmed Reset,live_buy_pullback,ABBV,26,0.018584124340416196,0.018954183397005615,0.5384615384615384
shallow_confirmed_reset,Shallow Confirmed Reset,live_buy_pullback,GD,26,-0.007898570282365748,-0.009618411621196673,0.46153846153846156
shallow_confirmed_reset,Shallow Confirmed Reset,live_buy_pullback,MA,26,0.0019046561325660012,-0.010786442156435202,0.6153846153846154
shallow_confirmed_reset,Shallow Confirmed Reset,live_buy_pullback,PFE,26,-0.0010276820949092214,0.0074181230440809,0.4230769230769231
shallow_confirmed_reset,Shallow Confirmed Reset,live_buy_pullback,MU,25,0.033992996156229444,0.010956350719534193,0.6
shallow_confirmed_reset,Shallow Confirmed Reset,live_buy_pullback,V,25,-0.0009432033226717085,-0.005234203906737242,0.56
shallow_confirmed_reset,Shallow Confirmed Reset,live_buy_pullback,CVS,23,-0.008590288802756628,-0.010324425400284781,0.391304347826087
shallow_confirmed_reset,Shallow Confirmed Reset,live_buy_pullback,ABT,22,-0.0045755611885044956,-2.8392360260274454e-05,0.5
shallow_confirmed_reset,Shallow Confirmed Reset,live_buy_pullback,HD,22,-0.0007524267938564987,-0.009056794163011528,0.5454545454545454
shallow_confirmed_reset,Shallow Confirmed Reset,live_buy_pullback,LMT,22,-0.01570378287976187,-0.01613372903565351,0.36363636363636365
shallow_confirmed_reset,Shallow Confirmed Reset,live_buy_pullback,BA,21,-0.03403389036092799,-0.025964072769970432,0.3333333333333333
shallow_confirmed_reset,Shallow Confirmed Reset,live_buy_pullback,DE,21,0.012548363358372743,0.01421836048786114,0.5238095238095238
shallow_confirmed_reset,Shallow Confirmed Reset,live_buy_pullback,MMM,21,0.0006908121881819842,-0.0016270655148168812,0.5238095238095238
shallow_confirmed_reset,Shallow Confirmed Reset,live_buy_pullback,BRK-B,20,0.0021421666475848087,0.006244778006532109,0.4
shallow_confirmed_reset,Shallow Confirmed Reset,live_buy_pullback,GEV,19,0.09535681653258327,0.08723644244238588,0.7368421052631579
shallow_confirmed_reset,Shallow Confirmed Reset,live_buy_pullback,HON,19,0.00115746193059201,0.000421478365187338,0.47368421052631576
shallow_confirmed_reset,Shallow Confirmed Reset,live_buy_pullback,UNH,19,-0.018610107045041027,-0.023910551510634415,0.3684210526315789
shallow_confirmed_reset,Shallow Confirmed Reset,live_buy_pullback,UNP,19,-0.02373700322349244,-0.012116091259231193,0.2631578947368421
shallow_confirmed_reset,Shallow Confirmed Reset,live_buy_pullback,AMD,18,0.012021354669668107,0.0006353479049684542,0.6111111111111112
shallow_confirmed_reset,Shallow Confirmed Reset,live_buy_pullback,GILD,18,0.008480660170067322,0.0164194266306152,0.5
shallow_confirmed_reset,Shallow Confirmed Reset,live_buy_pullback,PLTR,18,0.07322495350735453,0.060501120717574235,0.6111111111111112
shallow_confirmed_reset,Shallow Confirmed Reset,live_buy_pullback,TSLA,18,0.03750787213895081,0.04104091978312812,0.5555555555555556
shallow_confirmed_reset,Shallow Confirmed Reset,live_buy_pullback,TXN,18,0.011140400833963289,0.0040001378401488975,0.4444444444444444
shallow_confirmed_reset,Shallow Confirmed Reset,live_buy_pullback,UPS,18,0.010775750281715945,0.01528330528604869,0.6111111111111112
shallow_confirmed_reset,Shallow Confirmed Reset,live_buy_pullback,JNJ,17,0.004553310572506023,0.011493525681532652,0.47058823529411764
shallow_confirmed_reset,Shallow Confirmed Reset,live_buy_pullback,XOM,17,0.012740010366529641,0.0166844734325836,0.5294117647058824
shallow_confirmed_reset,Shallow Confirmed Reset,live_buy_pullback,AMGN,16,-0.006875728146340576,0.010721647374874091,0.4375
shallow_confirmed_reset,Shallow Confirmed Reset,live_buy_pullback,COP,15,-0.0016093502050897879,0.005571277922290182,0.4666666666666667
shallow_confirmed_reset,Shallow Confirmed Reset,live_buy_pullback,MCD,15,-0.0011778595953489143,-0.008157772979364982,0.5333333333333333
shallow_confirmed_reset,Shallow Confirmed Reset,live_buy_pullback,NKE,15,-0.03866199786346938,-0.056788427300193636,0.26666666666666666
shallow_confirmed_reset,Shallow Confirmed Reset,live_buy_pullback,MDT,14,-0.02454382829588659,-0.025904928630799937,0.2857142857142857
shallow_confirmed_reset,Shallow Confirmed Reset,live_buy_pullback,BMY,13,0.01641664192537087,0.02755073034642678,0.6153846153846154
shallow_confirmed_reset,Shallow Confirmed Reset,live_buy_pullback,CVX,13,0.0033060627434027693,-0.00268908138345361,0.5384615384615384
shallow_confirmed_reset,Shallow Confirmed Reset,live_buy_pullback,INTC,12,-0.009295874171489174,-0.014836834286972744,0.25
shallow_confirmed_reset,Shallow Confirmed Reset,live_buy_pullback,SBUX,12,-0.0011185243056068643,-0.015976970574686205,0.5833333333333334
strict_rs_support_proximity,Strict RS + Support-Proximity Pullback,live_buy_pullback,AVGO,13,0.05181015168589313,0.031044671321352142,0.7692307692307693
strict_rs_support_proximity,Strict RS + Support-Proximity Pullback,live_buy_pullback,AMAT,11,0.009979981375891117,0.012562604198842819,0.45454545454545453
strict_rs_support_proximity,Strict RS + Support-Proximity Pullback,live_buy_pullback,NOW,7,0.042342311156614035,0.028516274767927174,0.8571428571428571
strict_rs_support_proximity,Strict RS + Support-Proximity Pullback,live_buy_pullback,UBER,7,0.0411700722640269,0.010749271050944016,0.5714285714285714
strict_rs_support_proximity,Strict RS + Support-Proximity Pullback,live_buy_pullback,AMD,6,0.14961076301104778,0.12819019561193593,0.8333333333333334
strict_rs_support_proximity,Strict RS + Support-Proximity Pullback,live_buy_pullback,QCOM,6,-0.012642730639367439,-0.023315059575024315,0.5
strict_rs_support_proximity,Strict RS + Support-Proximity Pullback,live_buy_pullback,USB,6,0.0022555089031402464,-0.0036900812123561257,0.5
strict_rs_support_proximity,Strict RS + Support-Proximity Pullback,live_buy_pullback,AMZN,5,-0.020572946653397685,-0.018033331770421168,0.4
strict_rs_support_proximity,Strict RS + Support-Proximity Pullback,live_buy_pullback,CRM,5,-0.011238042164913064,-0.021871448254943072,0.4
strict_rs_support_proximity,Strict RS + Support-Proximity Pullback,live_buy_pullback,NVDA,5,0.09846395741303962,0.0842056344905087,0.8
strict_rs_support_proximity,Strict RS + Support-Proximity Pullback,live_buy_pullback,ORCL,5,-0.012085638378616892,-0.03357882125768134,0.4
strict_rs_support_proximity,Strict RS + Support-Proximity Pullback,live_buy_pullback,BNY,4,0.03229894004194095,0.020749250263130292,1.0
strict_rs_support_proximity,Strict RS + Support-Proximity Pullback,live_buy_pullback,C,4,0.006014987283622764,0.0038470351355366916,0.5
strict_rs_support_proximity,Strict RS + Support-Proximity Pullback,live_buy_pullback,DE,4,-0.0057309557347716145,0.015297628962967741,0.5
strict_rs_support_proximity,Strict RS + Support-Proximity Pullback,live_buy_pullback,GEV,4,0.07263418632020002,0.06800921254121803,0.75
strict_rs_support_proximity,Strict RS + Support-Proximity Pullback,live_buy_pullback,GS,4,0.029342220246800332,0.029204573640037812,0.5
strict_rs_support_proximity,Strict RS + Support-Proximity Pullback,live_buy_pullback,INTU,4,-0.02233639501627449,-0.021090354336805672,0.5
strict_rs_support_proximity,Strict RS + Support-Proximity Pullback,live_buy_pullback,TMO,4,0.006867811055319362,0.019427921365972628,0.75
strict_rs_support_proximity,Strict RS + Support-Proximity Pullback,live_buy_pullback,CAT,3,0.10660954749975667,0.09532165403002897,1.0
strict_rs_support_proximity,Strict RS + Support-Proximity Pullback,live_buy_pullback,COF,3,-0.03927934707907155,-0.03291731014575331,0.3333333333333333
strict_rs_support_proximity,Strict RS + Support-Proximity Pullback,live_buy_pullback,FDX,3,0.051299153237996865,0.048399799983548784,0.6666666666666666
strict_rs_support_proximity,Strict RS + Support-Proximity Pullback,live_buy_pullback,GE,3,0.062180691862952754,0.06265633805255282,0.6666666666666666
strict_rs_support_proximity,Strict RS + Support-Proximity Pullback,live_buy_pullback,IBM,3,0.05184257957061859,0.03909424653765666,0.6666666666666666
strict_rs_support_proximity,Strict RS + Support-Proximity Pullback,live_buy_pullback,ISRG,3,0.005613558561490335,0.00620421523946398,0.3333333333333333
strict_rs_support_proximity,Strict RS + Support-Proximity Pullback,live_buy_pullback,LRCX,3,0.06951238749750958,0.0470905555857782,1.0
strict_rs_support_proximity,Strict RS + Support-Proximity Pullback,live_buy_pullback,MDT,3,-0.02692484064679379,-0.0058198797639153295,0.3333333333333333
strict_rs_support_proximity,Strict RS + Support-Proximity Pullback,live_buy_pullback,MRK,3,0.047469593516202835,0.0691073521109482,0.6666666666666666
strict_rs_support_proximity,Strict RS + Support-Proximity Pullback,live_buy_pullback,MU,3,0.03159538544228461,-0.0009418359516163433,0.6666666666666666
strict_rs_support_proximity,Strict RS + Support-Proximity Pullback,live_buy_pullback,PFE,3,0.011845661498307902,0.006413883878800893,0.3333333333333333
strict_rs_support_proximity,Strict RS + Support-Proximity Pullback,live_buy_pullback,PLTR,3,0.21777203970257206,0.1963612109079759,1.0
strict_rs_support_proximity,Strict RS + Support-Proximity Pullback,live_buy_pullback,RTX,3,0.06154484342159705,0.056133872227656124,1.0
strict_rs_support_proximity,Strict RS + Support-Proximity Pullback,live_buy_pullback,AAPL,2,0.008923311531247924,-0.010291872512438682,1.0
strict_rs_support_proximity,Strict RS + Support-Proximity Pullback,live_buy_pullback,ADBE,2,0.004543350192260154,0.014140447236196452,0.5
strict_rs_support_proximity,Strict RS + Support-Proximity Pullback,live_buy_pullback,BA,2,-0.020661846675888662,-0.05238547080742617,0.5
strict_rs_support_proximity,Strict RS + Support-Proximity Pullback,live_buy_pullback,CVS,2,-0.01699314188515111,-0.01887844536439265,0.0
strict_rs_support_proximity,Strict RS + Support-Proximity Pullback,live_buy_pullback,GILD,2,-0.04098281542001381,0.0015811942542097168,0.0
strict_rs_support_proximity,Strict RS + Support-Proximity Pullback,live_buy_pullback,LLY,2,-0.023667466868328435,-0.02433540124417327,0.5
strict_rs_support_proximity,Strict RS + Support-Proximity Pullback,live_buy_pullback,LOW,2,-0.04724967871471725,-0.0272382495242231,0.0
strict_rs_support_proximity,Strict RS + Support-Proximity Pullback,live_buy_pullback,MMM,2,0.014885710835476962,-0.010455256395317858,1.0
strict_rs_support_proximity,Strict RS + Support-Proximity Pullback,live_buy_pullback,MS,2,-0.00898166753835572,-0.009660364498245755,0.5
strict_rs_support_proximity,Strict RS + Support-Proximity Pullback,live_buy_pullback,TSLA,2,-0.08300594064501787,-0.08143344867757674,0.0
strict_rs_support_proximity,Strict RS + Support-Proximity Pullback,live_buy_pullback,TXN,2,-0.00833573424049805,-0.042771209419398604,0.0
strict_rs_support_proximity,Strict RS + Support-Proximity Pullback,live_buy_pullback,UNH,2,-0.030778010419752977,-0.04213795472361265,0.0
strict_rs_support_proximity,Strict RS + Support-Proximity Pullback,live_buy_pullback,ABBV,1,-0.02637954488241001,-0.04759454630512194,0.0
strict_rs_support_proximity,Strict RS + Support-Proximity Pullback,live_buy_pullback,ACN,1,-0.18404643925597786,-0.09155354000098903,0.0
strict_rs_support_proximity,Strict RS + Support-Proximity Pullback,live_buy_pullback,AXP,1,0.12112715187328038,0.07290393038315068,1.0
strict_rs_support_proximity,Strict RS + Support-Proximity Pullback,live_buy_pullback,BAC,1,0.011299352998779488,-0.0076927967168971545,1.0
strict_rs_support_proximity,Strict RS + Support-Proximity Pullback,live_buy_pullback,BLK,1,0.043333072061152667,0.010114482584809625,1.0
strict_rs_support_proximity,Strict RS + Support-Proximity Pullback,live_buy_pullback,BMY,1,0.040613005764358334,0.05534788069220831,1.0
strict_rs_support_proximity,Strict RS + Support-Proximity Pullback,live_buy_pullback,BRK-B,1,0.0069697637083749875,-0.010350239889223234,1.0
strict_rs_support_proximity,Strict RS + Support-Proximity Pullback,live_buy_pullback,EMR,1,-0.1059720895544457,-0.11146185447234502,0.0
strict_rs_support_proximity,Strict RS + Support-Proximity Pullback,live_buy_pullback,GD,1,0.016977443894206523,0.011224578067360769,1.0
strict_rs_support_proximity,Strict RS + Support-Proximity Pullback,live_buy_pullback,HON,1,0.11138296229133715,0.1271144665768843,1.0
strict_rs_support_proximity,Strict RS + Support-Proximity Pullback,live_buy_pullback,INTC,1,0.45094864604430374,0.4260487063205074,1.0
strict_rs_support_proximity,Strict RS + Support-Proximity Pullback,live_buy_pullback,JNJ,1,0.004217757230183139,-0.018558593762418862,1.0
strict_rs_support_proximity,Strict RS + Support-Proximity Pullback,live_buy_pullback,LMT,1,-0.008061730815637103,0.037700413916443076,0.0
strict_rs_support_proximity,Strict RS + Support-Proximity Pullback,live_buy_pullback,MSFT,1,-0.008972988761599798,-0.014120479416125264,0.0
strict_rs_support_proximity,Strict RS + Support-Proximity Pullback,live_buy_pullback,SBUX,1,-0.0023849372782142053,-0.020322272697541277,0.0
strict_rs_support_proximity,Strict RS + Support-Proximity Pullback,live_buy_pullback,SCHW,1,0.025458870379789555,0.02189117607128166,1.0
strict_rs_support_proximity,Strict RS + Support-Proximity Pullback,live_buy_pullback,UNP,1,-0.01663099014347369,0.020127034818514855,0.0
strict_rs_support_proximity,Strict RS + Support-Proximity Pullback,live_buy_pullback,UPS,1,-0.033747081046231364,-0.03425848199022907,0.0
strict_rs_support_proximity,Strict RS + Support-Proximity Pullback,live_buy_pullback,WFC,1,-0.038710377457190526,-0.04517802562994622,0.0
supportive_confirmed_controlled,Supportive + Confirmed Controlled Pullback,live_buy_pullback,AMAT,29,0.01591702553390115,0.01451609546663996,0.5517241379310345
supportive_confirmed_controlled,Supportive + Confirmed Controlled Pullback,live_buy_pullback,LRCX,27,0.03476977879055434,0.023296500868579668,0.6666666666666666
supportive_confirmed_controlled,Supportive + Confirmed Controlled Pullback,live_buy_pullback,NVDA,26,0.005093237935054016,0.007469140446309291,0.5
supportive_confirmed_controlled,Supportive + Confirmed Controlled Pullback,live_buy_pullback,AVGO,24,0.05430069136792018,0.0375506686991488,0.8333333333333334
supportive_confirmed_controlled,Supportive + Confirmed Controlled Pullback,live_buy_pullback,NOW,20,0.019259167032414204,0.012918856934810069,0.6
supportive_confirmed_controlled,Supportive + Confirmed Controlled Pullback,live_buy_pullback,CAT,18,0.02786840004571888,0.026623336616326924,0.6111111111111112
supportive_confirmed_controlled,Supportive + Confirmed Controlled Pullback,live_buy_pullback,AMD,17,0.033514957728346194,0.02806496244731774,0.5294117647058824
supportive_confirmed_controlled,Supportive + Confirmed Controlled Pullback,live_buy_pullback,AMZN,17,-0.015676562284143408,-0.01749948823450381,0.47058823529411764
supportive_confirmed_controlled,Supportive + Confirmed Controlled Pullback,live_buy_pullback,MU,17,0.028858766055425308,0.01692921229264126,0.47058823529411764
supportive_confirmed_controlled,Supportive + Confirmed Controlled Pullback,live_buy_pullback,ORCL,17,-0.008462539316403669,-0.006657914503505495,0.5294117647058824
supportive_confirmed_controlled,Supportive + Confirmed Controlled Pullback,live_buy_pullback,QCOM,17,-0.03203100909458687,-0.027780619984226842,0.29411764705882354
supportive_confirmed_controlled,Supportive + Confirmed Controlled Pullback,live_buy_pullback,CRM,16,0.005434280260971876,0.012144170288344247,0.5
supportive_confirmed_controlled,Supportive + Confirmed Controlled Pullback,live_buy_pullback,UBER,16,0.03868461484122072,0.01714902385879217,0.625
supportive_confirmed_controlled,Supportive + Confirmed Controlled Pullback,live_buy_pullback,GS,15,0.04256199131974928,0.03905618686337224,0.6666666666666666
supportive_confirmed_controlled,Supportive + Confirmed Controlled Pullback,live_buy_pullback,MS,15,-0.025472832367852753,-0.023167467718588457,0.4666666666666667
supportive_confirmed_controlled,Supportive + Confirmed Controlled Pullback,live_buy_pullback,COF,14,-0.022425461839274043,-0.015377986804774488,0.5
supportive_confirmed_controlled,Supportive + Confirmed Controlled Pullback,live_buy_pullback,INTC,14,0.030227901573320837,0.014960516637096672,0.35714285714285715
supportive_confirmed_controlled,Supportive + Confirmed Controlled Pullback,live_buy_pullback,C,13,-0.0012111457385439643,-0.0033066327533463912,0.5384615384615384
supportive_confirmed_controlled,Supportive + Confirmed Controlled Pullback,live_buy_pullback,GE,13,0.0038021119344007035,0.0010891915603163853,0.46153846153846156
supportive_confirmed_controlled,Supportive + Confirmed Controlled Pullback,live_buy_pullback,PFE,13,-0.01657439734406107,-0.004350715454051122,0.23076923076923078
supportive_confirmed_controlled,Supportive + Confirmed Controlled Pullback,live_buy_pullback,USB,13,0.004843933066837084,-0.013757120775919994,0.46153846153846156
supportive_confirmed_controlled,Supportive + Confirmed Controlled Pullback,live_buy_pullback,GM,12,-0.02716668230741241,-0.04291965489018684,0.3333333333333333
supportive_confirmed_controlled,Supportive + Confirmed Controlled Pullback,live_buy_pullback,LLY,12,0.015415399340580718,0.013822662136968719,0.5833333333333334
supportive_confirmed_controlled,Supportive + Confirmed Controlled Pullback,live_buy_pullback,SCHW,11,0.0036497411781304793,-0.0016824961632556645,0.5454545454545454
supportive_confirmed_controlled,Supportive + Confirmed Controlled Pullback,live_buy_pullback,TSLA,11,0.03240077011264064,0.034814287900352923,0.2727272727272727
supportive_confirmed_controlled,Supportive + Confirmed Controlled Pullback,live_buy_pullback,ADBE,10,0.008880970209973338,0.004668830442558192,0.3
supportive_confirmed_controlled,Supportive + Confirmed Controlled Pullback,live_buy_pullback,BA,10,-0.023144235832698624,-0.03986796749250783,0.3
supportive_confirmed_controlled,Supportive + Confirmed Controlled Pullback,live_buy_pullback,PLTR,10,0.07392518135758162,0.05696714190175748,0.7
supportive_confirmed_controlled,Supportive + Confirmed Controlled Pullback,live_buy_pullback,WFC,10,-0.03923757857166993,-0.034966037715750395,0.1
supportive_confirmed_controlled,Supportive + Confirmed Controlled Pullback,live_buy_pullback,DE,9,0.024970290557072252,0.023963408566186704,0.6666666666666666
supportive_confirmed_controlled,Supportive + Confirmed Controlled Pullback,live_buy_pullback,MMM,9,-0.0017847866790035027,0.004268843444301463,0.5555555555555556
supportive_confirmed_controlled,Supportive + Confirmed Controlled Pullback,live_buy_pullback,TMO,9,-0.026710224040683486,-0.009862747476601616,0.4444444444444444
supportive_confirmed_controlled,Supportive + Confirmed Controlled Pullback,live_buy_pullback,BLK,8,-0.021204007002010222,-0.008380526774928163,0.375
supportive_confirmed_controlled,Supportive + Confirmed Controlled Pullback,live_buy_pullback,BNY,8,0.01615558760595462,0.013748370827873654,0.75
supportive_confirmed_controlled,Supportive + Confirmed Controlled Pullback,live_buy_pullback,CVS,8,0.007447972094534794,0.013182341294644892,0.25
supportive_confirmed_controlled,Supportive + Confirmed Controlled Pullback,live_buy_pullback,FDX,8,0.043539293691052694,0.04396765134698634,0.625
supportive_confirmed_controlled,Supportive + Confirmed Controlled Pullback,live_buy_pullback,INTU,8,0.02773389605696648,0.027848880757001968,0.75
supportive_confirmed_controlled,Supportive + Confirmed Controlled Pullback,live_buy_pullback,ISRG,8,-0.03656704010330318,-0.027407110035846727,0.375
supportive_confirmed_controlled,Supportive + Confirmed Controlled Pullback,live_buy_pullback,MRK,8,0.02603033447047054,0.02614130173100153,0.75
supportive_confirmed_controlled,Supportive + Confirmed Controlled Pullback,live_buy_pullback,UNH,8,-0.02090368801779814,-0.032260201322701146,0.25
supportive_confirmed_controlled,Supportive + Confirmed Controlled Pullback,live_buy_pullback,UPS,8,-0.009532646522738317,0.001654182319046904,0.375
supportive_confirmed_controlled,Supportive + Confirmed Controlled Pullback,live_buy_pullback,AMGN,7,0.0016560644697564924,0.007293527175327116,0.5714285714285714
supportive_confirmed_controlled,Supportive + Confirmed Controlled Pullback,live_buy_pullback,BAC,7,-0.02871373818312725,-0.022469799601015503,0.42857142857142855
supportive_confirmed_controlled,Supportive + Confirmed Controlled Pullback,live_buy_pullback,TXN,7,-0.003799559156585919,-0.009019101378902208,0.2857142857142857
supportive_confirmed_controlled,Supportive + Confirmed Controlled Pullback,live_buy_pullback,AAPL,6,0.033533614993089746,0.0188651357210185,0.8333333333333334
supportive_confirmed_controlled,Supportive + Confirmed Controlled Pullback,live_buy_pullback,ACN,6,-0.11081480743017379,-0.0759337161694079,0.16666666666666666
supportive_confirmed_controlled,Supportive + Confirmed Controlled Pullback,live_buy_pullback,GEV,6,0.043965857823045164,0.030329364158620403,0.6666666666666666
supportive_confirmed_controlled,Supportive + Confirmed Controlled Pullback,live_buy_pullback,GILD,6,0.03927275922970802,0.06326130205214973,0.5
supportive_confirmed_controlled,Supportive + Confirmed Controlled Pullback,live_buy_pullback,JPM,6,0.010476631152909902,0.005639448770373793,0.6666666666666666
supportive_confirmed_controlled,Supportive + Confirmed Controlled Pullback,live_buy_pullback,MA,6,-0.004223950707812211,-0.020719338973469097,0.5
supportive_confirmed_controlled,Supportive + Confirmed Controlled Pullback,live_buy_pullback,MDT,6,-0.021331576144178892,-0.017807160865529525,0.3333333333333333
supportive_confirmed_controlled,Supportive + Confirmed Controlled Pullback,live_buy_pullback,AXP,5,0.052540024640327164,0.02515877798509585,0.8
supportive_confirmed_controlled,Supportive + Confirmed Controlled Pullback,live_buy_pullback,CSCO,5,0.027692050315349583,0.029632411218835687,0.8
supportive_confirmed_controlled,Supportive + Confirmed Controlled Pullback,live_buy_pullback,GD,5,0.00770796890726233,0.007322290324963831,0.4
supportive_confirmed_controlled,Supportive + Confirmed Controlled Pullback,live_buy_pullback,IBM,5,0.023262133286223664,0.016593511887621683,0.6
supportive_confirmed_controlled,Supportive + Confirmed Controlled Pullback,live_buy_pullback,LMT,5,0.01901760577484477,0.039495398215137215,0.4
supportive_confirmed_controlled,Supportive + Confirmed Controlled Pullback,live_buy_pullback,MSFT,5,0.003971077597928185,-0.0012216185290651494,0.4
supportive_confirmed_controlled,Supportive + Confirmed Controlled Pullback,live_buy_pullback,NKE,5,-0.0011582438621235759,-0.013229952728565243,0.4
supportive_confirmed_controlled,Supportive + Confirmed Controlled Pullback,live_buy_pullback,RTX,5,0.04197125747279249,0.04999160605941037,1.0
supportive_confirmed_controlled,Supportive + Confirmed Controlled Pullback,live_buy_pullback,SBUX,5,-0.0029219514373238333,-0.022527751946775587,0.4
supportive_confirmed_controlled,Supportive + Confirmed Controlled Pullback,live_buy_pullback,BKNG,4,-0.018769682971344404,-0.027413561637597866,0.25
supportive_confirmed_controlled,Supportive + Confirmed Controlled Pullback,live_buy_pullback,COP,4,0.020029616906853898,0.017450308768045847,0.5
supportive_confirmed_controlled,Supportive + Confirmed Controlled Pullback,live_buy_pullback,DHR,4,-0.021985856230902268,-0.004751536366301018,0.5
supportive_confirmed_controlled,Supportive + Confirmed Controlled Pullback,live_buy_pullback,LOW,4,-0.019187286684677007,-0.004816229570296315,0.25
supportive_confirmed_controlled,Supportive + Confirmed Controlled Pullback,live_buy_pullback,EMR,3,-0.007786555183033468,-0.007075402719699864,0.3333333333333333
supportive_confirmed_controlled,Supportive + Confirmed Controlled Pullback,live_buy_pullback,HON,3,0.0342618881947474,0.04156240154720211,0.6666666666666666
supportive_confirmed_controlled,Supportive + Confirmed Controlled Pullback,live_buy_pullback,UNP,3,-0.04312513618269501,-0.0037598188240665817,0.0
supportive_confirmed_controlled,Supportive + Confirmed Controlled Pullback,live_buy_pullback,BMY,2,0.020103658479814157,0.03713854971283276,0.5
supportive_confirmed_controlled,Supportive + Confirmed Controlled Pullback,live_buy_pullback,CVX,2,0.03237625251752452,0.058393201961467744,1.0
supportive_confirmed_controlled,Supportive + Confirmed Controlled Pullback,live_buy_pullback,HD,2,0.07189584933073867,0.024671200731104515,1.0
supportive_confirmed_controlled,Supportive + Confirmed Controlled Pullback,live_buy_pullback,JNJ,2,0.016656841763058927,0.00909901278846964,1.0
supportive_confirmed_controlled,Supportive + Confirmed Controlled Pullback,live_buy_pullback,XOM,2,0.04616275550102722,0.04106727405093469,0.5
supportive_confirmed_controlled,Supportive + Confirmed Controlled Pullback,live_buy_pullback,ABBV,1,-0.009383568526870278,-0.029678092402476097,0.0
supportive_confirmed_controlled,Supportive + Confirmed Controlled Pullback,live_buy_pullback,BRK-B,1,0.0069697637083749875,-0.010350239889223234,1.0
watch_only_extended_strength,Watch-Only Extended Strength,watch_only,NVDA,56,0.030183914882190133,0.02622371010611316,0.5892857142857143
watch_only_extended_strength,Watch-Only Extended Strength,watch_only,LRCX,46,0.028283793352708187,0.02013805450008047,0.6521739130434783
watch_only_extended_strength,Watch-Only Extended Strength,watch_only,AVGO,34,0.0008824092363724859,-0.005136719909972933,0.5882352941176471
watch_only_extended_strength,Watch-Only Extended Strength,watch_only,MU,34,0.058100606999392714,0.048792379782078246,0.5294117647058824
watch_only_extended_strength,Watch-Only Extended Strength,watch_only,PLTR,32,0.05698766091034402,0.05244898699416195,0.625
watch_only_extended_strength,Watch-Only Extended Strength,watch_only,AMAT,31,0.01995929568754677,0.010396785898452488,0.5483870967741935
watch_only_extended_strength,Watch-Only Extended Strength,watch_only,AMD,31,0.0028001340388970814,-0.0025857447461484343,0.45161290322580644
watch_only_extended_strength,Watch-Only Extended Strength,watch_only,GE,29,0.038567920314518556,0.03130949703251403,0.6896551724137931
watch_only_extended_strength,Watch-Only Extended Strength,watch_only,CAT,28,0.03909261504357943,0.029903221430760785,0.75
watch_only_extended_strength,Watch-Only Extended Strength,watch_only,GM,27,-0.002274635473877896,-0.005365846661835487,0.5185185185185185
watch_only_extended_strength,Watch-Only Extended Strength,watch_only,COF,26,0.004264544935031094,-0.008240219802301975,0.46153846153846156
watch_only_extended_strength,Watch-Only Extended Strength,watch_only,UBER,26,0.018595104634690607,0.0048779108121023065,0.5769230769230769
watch_only_extended_strength,Watch-Only Extended Strength,watch_only,GEV,24,0.07189966854609774,0.05689286591932757,0.7916666666666666
watch_only_extended_strength,Watch-Only Extended Strength,watch_only,ORCL,24,0.04000982764969807,0.021428988293843848,0.7083333333333334
watch_only_extended_strength,Watch-Only Extended Strength,watch_only,NOW,23,0.012589931173237551,-0.0017341467611938005,0.6086956521739131
watch_only_extended_strength,Watch-Only Extended Strength,watch_only,LLY,22,0.015479703757008438,0.012515361693989419,0.5454545454545454
watch_only_extended_strength,Watch-Only Extended Strength,watch_only,QCOM,22,0.008781048157328396,-0.005613316757693498,0.5
watch_only_extended_strength,Watch-Only Extended Strength,watch_only,AMZN,21,0.0037243823818645873,-0.007097059385211609,0.6666666666666666
watch_only_extended_strength,Watch-Only Extended Strength,watch_only,GS,21,0.00220390289030924,-0.0008489586884668155,0.6190476190476191
watch_only_extended_strength,Watch-Only Extended Strength,watch_only,WFC,21,0.015615165294773196,0.00960552913640491,0.6666666666666666
watch_only_extended_strength,Watch-Only Extended Strength,watch_only,C,18,0.027440583398304543,0.016902938903826818,0.6666666666666666
watch_only_extended_strength,Watch-Only Extended Strength,watch_only,INTU,18,0.019568387833557545,0.012575497206571874,0.5555555555555556
watch_only_extended_strength,Watch-Only Extended Strength,watch_only,AAPL,17,0.001698663029162975,0.004872991277690168,0.5882352941176471
watch_only_extended_strength,Watch-Only Extended Strength,watch_only,ADBE,17,-0.002054871191212726,-0.008173894830223571,0.5294117647058824
watch_only_extended_strength,Watch-Only Extended Strength,watch_only,BA,17,0.016605448628080405,-0.003470053604800095,0.5294117647058824
watch_only_extended_strength,Watch-Only Extended Strength,watch_only,USB,17,0.03419463873915597,0.02235568050211593,0.6470588235294118
watch_only_extended_strength,Watch-Only Extended Strength,watch_only,MS,16,-0.008780628625234536,-0.01354392318960971,0.5625
watch_only_extended_strength,Watch-Only Extended Strength,watch_only,FDX,15,0.0029235784568553804,0.01226148251121546,0.5333333333333333
watch_only_extended_strength,Watch-Only Extended Strength,watch_only,TSLA,15,0.00820222575292476,-0.000743633019086191,0.3333333333333333
watch_only_extended_strength,Watch-Only Extended Strength,watch_only,BKNG,13,0.025901687014553147,0.0026926298969164745,0.8461538461538461
watch_only_extended_strength,Watch-Only Extended Strength,watch_only,CRM,13,0.012399506416552698,0.0027755643711124137,0.6153846153846154
watch_only_extended_strength,Watch-Only Extended Strength,watch_only,EMR,13,0.017859277211595297,0.006088329385903936,0.6923076923076923
watch_only_extended_strength,Watch-Only Extended Strength,watch_only,SCHW,13,0.021250514367610378,0.004631556541718839,0.6923076923076923
watch_only_extended_strength,Watch-Only Extended Strength,watch_only,BAC,12,-0.01251314376375956,-0.026323726250337947,0.5
watch_only_extended_strength,Watch-Only Extended Strength,watch_only,ISRG,12,0.009447226331751055,0.0021143315599557733,0.5833333333333334
watch_only_extended_strength,Watch-Only Extended Strength,watch_only,MSFT,12,0.008789413618553852,-0.0036966044614215043,0.75
watch_only_extended_strength,Watch-Only Extended Strength,watch_only,INTC,11,-0.06356211679347319,-0.06734835539820537,0.2727272727272727
watch_only_extended_strength,Watch-Only Extended Strength,watch_only,LOW,11,0.03896530233393964,0.024294750995229094,1.0
watch_only_extended_strength,Watch-Only Extended Strength,watch_only,BLK,10,0.0012548391881218811,-0.0037967292127321526,0.5
watch_only_extended_strength,Watch-Only Extended Strength,watch_only,BNY,10,-0.0025156323998518195,-0.01268003657959479,0.5
watch_only_extended_strength,Watch-Only Extended Strength,watch_only,SBUX,10,0.006487600117295078,-0.005661289922785395,0.6
watch_only_extended_strength,Watch-Only Extended Strength,watch_only,AXP,9,0.01635768403838907,0.011712737277154963,0.6666666666666666
watch_only_extended_strength,Watch-Only Extended Strength,watch_only,DE,9,0.01906507169981211,0.03968241466915498,0.6666666666666666
watch_only_extended_strength,Watch-Only Extended Strength,watch_only,CVS,8,-0.01863950749029189,-0.00907902347144006,0.5
watch_only_extended_strength,Watch-Only Extended Strength,watch_only,TXN,8,-0.04814690898058313,-0.04867172479105181,0.125
watch_only_extended_strength,Watch-Only Extended Strength,watch_only,ACN,7,-0.05278280184849341,-0.05092798328121649,0.2857142857142857
watch_only_extended_strength,Watch-Only Extended Strength,watch_only,MRK,7,0.022812633204795842,0.01626548319479001,0.7142857142857143
watch_only_extended_strength,Watch-Only Extended Strength,watch_only,UNH,7,-0.02039188550453592,-0.01753403684934196,0.42857142857142855
watch_only_extended_strength,Watch-Only Extended Strength,watch_only,HD,6,0.02950299350884385,0.012018182201531427,0.8333333333333334
watch_only_extended_strength,Watch-Only Extended Strength,watch_only,JPM,6,0.0357593643702255,0.012785209626300698,0.8333333333333334
watch_only_extended_strength,Watch-Only Extended Strength,watch_only,LMT,6,0.02648736986074705,0.017776794956898562,0.5
watch_only_extended_strength,Watch-Only Extended Strength,watch_only,MDT,6,-0.013866231982123963,-0.013060705591761998,0.3333333333333333
watch_only_extended_strength,Watch-Only Extended Strength,watch_only,NKE,6,-0.02859167417446401,-0.0514972792823394,0.3333333333333333
watch_only_extended_strength,Watch-Only Extended Strength,watch_only,TMO,6,-0.0034725176652792844,-0.012116590542245786,0.6666666666666666
watch_only_extended_strength,Watch-Only Extended Strength,watch_only,UPS,6,0.01085308572136795,0.00679765756084616,0.16666666666666666
watch_only_extended_strength,Watch-Only Extended Strength,watch_only,XOM,6,0.09133595688908858,0.1033000154611879,1.0
watch_only_extended_strength,Watch-Only Extended Strength,watch_only,AMGN,5,0.007849907860036032,-0.001820474377840453,0.6
watch_only_extended_strength,Watch-Only Extended Strength,watch_only,BMY,5,0.018117974168209684,-0.0008207775450575827,0.8
watch_only_extended_strength,Watch-Only Extended Strength,watch_only,COP,5,-0.015384397806050498,-0.012816885128888322,0.4
watch_only_extended_strength,Watch-Only Extended Strength,watch_only,CVX,5,0.05474163421074385,0.0399597720342326,0.8
watch_only_extended_strength,Watch-Only Extended Strength,watch_only,DHR,5,0.00822609163331991,0.009681149668635447,0.4
watch_only_extended_strength,Watch-Only Extended Strength,watch_only,HON,5,0.04620932516983245,0.04568537192125481,0.8
watch_only_extended_strength,Watch-Only Extended Strength,watch_only,IBM,5,-0.030813443399193608,-0.020166386904324197,0.2
watch_only_extended_strength,Watch-Only Extended Strength,watch_only,MMM,5,-0.013689149602978512,-0.014108956907264747,0.2
watch_only_extended_strength,Watch-Only Extended Strength,watch_only,PFE,5,-0.036806743839973,-0.038297654686215266,0.2
watch_only_extended_strength,Watch-Only Extended Strength,watch_only,ABBV,4,0.018518567036866634,0.045127746759268395,0.75
watch_only_extended_strength,Watch-Only Extended Strength,watch_only,RTX,4,-0.008424995895307125,-0.019832346826342245,0.5
watch_only_extended_strength,Watch-Only Extended Strength,watch_only,BRK-B,3,-0.023354725704384682,-0.017184149760277673,0.0
watch_only_extended_strength,Watch-Only Extended Strength,watch_only,GILD,3,0.004057850656992305,-0.004755244542446062,0.3333333333333333
watch_only_extended_strength,Watch-Only Extended Strength,watch_only,MA,3,0.01710204134459629,0.007450951097880003,1.0
watch_only_extended_strength,Watch-Only Extended Strength,watch_only,ABT,2,0.04247912450415692,0.05866117591446063,1.0
watch_only_extended_strength,Watch-Only Extended Strength,watch_only,CSCO,2,-0.06578861615319992,-0.021866711770536118,0.0
watch_only_extended_strength,Watch-Only Extended Strength,watch_only,JNJ,2,0.02584682817733086,0.038341609956371814,1.0
watch_only_extended_strength,Watch-Only Extended Strength,watch_only,UNP,2,-0.015052178671836891,-0.011757803170447279,0.5
watch_only_extended_strength,Watch-Only Extended Strength,watch_only,V,2,0.026963832124588194,0.024967906626663372,1.0
watch_only_extended_strength,Watch-Only Extended Strength,watch_only,GD,1,0.003122493073529853,-0.01857555997590099,1.0
watch_only_extended_strength,Watch-Only Extended Strength,watch_only,MCD,1,0.01610477199481508,0.02376546503823851,1.0
